Datetime,daily_max_power,daily_std_power,kitchen_avg,laundry_avg,hvac_avg
2006-12-16,7.706,1.0263378212904992,0.0,1.378787878787879,12.43939393939394
2006-12-17,7.064,1.2057954435344829,1.4118055555555555,2.907638888888889,9.264583333333333
2006-12-18,6.158,1.0050741549206366,0.7381944444444445,1.820138888888889,9.734722222222222
2006-12-19,7.84,1.23760241627707,0.5826388888888889,5.279166666666667,4.303472222222222
2006-12-20,5.988,1.3209679795468874,0.0,1.8388888888888888,9.765972222222222
2006-12-21,5.854,0.9934318646574589,1.2273991655076495,1.8240611961057023,7.246870653685675
2006-12-22,7.884,1.436179939204263,2.1881944444444446,0.24305555555555555,7.729861111111111
2006-12-23,8.698,1.5032763052392701,1.8534722222222222,0.2951388888888889,10.22638888888889
2006-12-24,6.824,1.2753698232947774,1.1826388888888888,3.529166666666667,4.785416666666666
2006-12-25,6.702,1.4257552983044437,4.597222222222222,1.3625,4.024305555555555
2006-12-26,6.496,0.9575494766645732,0.7541666666666667,1.7590277777777779,10.402083333333334
2006-12-27,5.56,0.8255954029902615,0.0,0.21805555555555556,4.844444444444444
2006-12-28,9.132,1.4362921419326407,1.5326388888888889,3.06875,6.372222222222222
2006-12-29,7.238,1.3134129206327072,0.8694444444444445,3.584722222222222,7.867361111111111
2006-12-30,9.078,1.7414561937258313,2.1363004172461753,5.4874826147426985,8.678720445062586
2006-12-31,6.722,1.1642050770809431,0.0,0.24097222222222223,4.5152777777777775
2007-01-01,3.558,0.9120673043449209,0.0,0.24444444444444444,4.083333333333333
2007-01-02,3.688,0.702746183396342,0.0,0.24166666666666667,4.5569444444444445
2007-01-03,5.19,0.562507154444502,0.0,0.2388888888888889,3.3090277777777777
2007-01-04,5.976,1.16080006300786,0.7298611111111111,5.2756944444444445,7.566666666666666
2007-01-05,5.73,1.0255427941793696,1.0298611111111111,0.26319444444444445,5.279166666666667
2007-01-06,8.044,0.963160297111451,0.9277777777777778,0.2791666666666667,3.9430555555555555
2007-01-07,7.774,1.6683028431485156,1.3798611111111112,5.678472222222222,8.895833333333334
2007-01-08,4.97,0.9102043970863523,0.0,0.32430555555555557,12.185416666666667
2007-01-09,8.67,1.2559920993228828,1.1722222222222223,2.9631944444444445,6.798611111111111
2007-01-10,6.836,1.2914481935287252,0.5354166666666667,3.0944444444444446,7.647222222222222
2007-01-11,7.754,1.4847192483337939,0.9569444444444445,1.5069444444444444,8.621527777777779
2007-01-12,6.478,0.9285887817857009,0.0,0.30486111111111114,5.747222222222222
2007-01-13,9.272,1.901305509911016,5.420833333333333,2.0659722222222223,7.875694444444444
2007-01-14,7.64,1.383875158908826,1.234885337039611,2.92911744266852,9.016678248783878
2007-01-15,5.896,0.9610469913121188,0.7631944444444444,1.554861111111111,10.529861111111112
2007-01-16,5.57,0.9961406379026229,1.4326388888888888,0.44722222222222224,4.571527777777778
2007-01-17,8.0,1.4381090691128076,2.4305555555555554,3.984027777777778,11.155555555555555
2007-01-18,6.808,1.0897883769725356,0.0,0.23333333333333334,9.36875
2007-01-19,6.132,0.9973114846221709,1.4604166666666667,0.22916666666666666,4.980555555555555
2007-01-20,8.658,1.5066381088692833,3.0027777777777778,3.626388888888889,7.944444444444445
2007-01-21,8.018,1.8551407862702096,7.184722222222222,3.865972222222222,8.05486111111111
2007-01-22,7.722,1.234595759646174,0.7319444444444444,2.071527777777778,7.889583333333333
2007-01-23,6.036,1.226923858070117,0.0,0.7388888888888889,3.5145833333333334
2007-01-24,7.248,1.172317007860733,2.4055555555555554,1.7222222222222223,8.155555555555555
2007-01-25,5.832,0.9896069121153739,0.8041666666666667,0.18194444444444444,7.804861111111111
2007-01-26,5.024,0.9023785355787479,0.8076388888888889,0.18125,5.720833333333333
2007-01-27,6.204,1.1191024895776893,0.8125,2.7055555555555557,8.593055555555555
2007-01-28,7.552,1.3530701991836516,2.4086170952050034,2.7776233495482976,8.370396108408617
2007-01-29,4.908,0.9339334437077871,0.7798611111111111,0.20416666666666666,10.593055555555555
2007-01-30,6.166,1.1651166165719002,0.7798611111111111,0.9888888888888889,5.659027777777778
2007-01-31,6.59,1.2872800788324854,0.0,4.131944444444445,10.452777777777778
2007-02-01,7.482,1.107042024571097,0.8125,0.26805555555555555,9.128472222222221
2007-02-02,5.448,0.9902841673858678,0.0,0.24722222222222223,7.873611111111111
2007-02-03,7.904,1.3898937081788412,3.2958333333333334,3.1756944444444444,12.384722222222223
2007-02-04,7.698,1.2693117539592433,2.354861111111111,3.192361111111111,10.05
2007-02-05,5.816,1.0649207859938055,0.6222222222222222,1.7805555555555554,5.450694444444444
2007-02-06,4.816,0.7795022111362108,0.8229166666666666,0.28125,3.1368055555555556
2007-02-07,6.694,1.1937195517184798,2.2909722222222224,2.439583333333333,8.323611111111111
2007-02-08,5.58,1.0524453273929169,1.5458333333333334,0.25416666666666665,7.053472222222222
2007-02-09,6.146,1.0075205699836784,0.0,2.1145833333333335,6.784722222222222
2007-02-10,6.88,1.506024559569056,3.5215277777777776,1.9659722222222222,10.003472222222221
2007-02-11,7.426,1.2343661608050598,1.6875,3.3090277777777777,9.106944444444444
2007-02-12,6.514,1.0520934900786523,1.5465277777777777,0.27708333333333335,7.997916666666667
2007-02-13,4.972,0.9400883244759494,0.0,1.9638888888888888,4.344444444444444
2007-02-14,6.008,1.3674042417678116,2.2881944444444446,2.634027777777778,8.040972222222223
2007-02-15,7.234,1.226902915355341,0.0,1.6409722222222223,9.741666666666667
2007-02-16,6.316,1.1356684238903967,0.7972222222222223,0.5965277777777778,6.034027777777778
2007-02-17,7.33,1.2620182624621759,1.2256944444444444,1.5458333333333334,4.970138888888889
2007-02-18,7.16,1.5581848979008395,4.240972222222222,5.557638888888889,9.11736111111111
2007-02-19,7.682,1.3736757781673479,1.1347222222222222,2.013888888888889,9.086805555555555
2007-02-20,8.374,1.2994659394792045,1.4291666666666667,3.604861111111111,6.745138888888889
2007-02-21,8.974,1.2632524415356827,2.4493055555555556,1.6194444444444445,8.019444444444444
2007-02-22,9.41,1.5605483246234553,0.9798331015299027,2.8713490959666204,8.519471488178025
2007-02-23,5.468,0.7174993270934723,0.0,0.34930555555555554,7.490277777777778
2007-02-24,2.464,0.5261700347682237,0.0,0.2520833333333333,2.473611111111111
2007-02-25,1.536,0.2741823564661453,0.0,0.22847222222222222,1.1527777777777777
2007-02-26,1.558,0.34001052456379266,0.0,0.2298611111111111,1.9652777777777777
2007-02-27,1.47,0.2854327589866136,0.0,0.21805555555555556,1.336111111111111
2007-02-28,1.486,0.2900275252294228,0.0,0.2361111111111111,1.3701388888888888
2007-03-01,1.472,0.2912436378801564,0.0,0.21944444444444444,1.375
2007-03-02,1.468,0.28547255533083393,0.0,0.2361111111111111,1.367361111111111
2007-03-03,4.242,0.5387863595652465,0.0,0.24097222222222223,3.192361111111111
2007-03-04,10.67,1.8109022660060146,1.025,6.049305555555556,6.533333333333333
2007-03-05,9.486,1.6879739517249077,3.9770833333333333,8.409027777777778,6.9625
2007-03-06,6.508,0.9187487115240118,0.0,1.2083333333333333,3.263888888888889
2007-03-07,5.98,1.3953245602192672,0.7472222222222222,3.30625,10.772916666666667
2007-03-08,6.354,1.239105966765082,1.5138888888888888,2.3506944444444446,4.621527777777778
2007-03-09,5.444,0.7856486526119284,0.7590277777777777,0.23958333333333334,5.99375
2007-03-10,6.35,1.3745720587342534,2.8680555555555554,3.765277777777778,7.624305555555556
2007-03-11,7.142,1.1711840682325403,3.3402777777777777,2.375,6.597222222222222
2007-03-12,6.078,1.0449341322929513,0.9743055555555555,1.9729166666666667,8.578472222222222
2007-03-13,5.77,0.9987887068291796,0.9375,2.6798611111111112,3.696527777777778
2007-03-14,6.114,1.1545171624784376,2.420138888888889,0.3333333333333333,5.977083333333334
2007-03-15,4.574,1.083266627363986,0.0,2.265972222222222,7.663888888888889
2007-03-16,5.342,1.0731534029298813,0.7680555555555556,3.1972222222222224,3.7291666666666665
2007-03-17,5.642,1.1748510583451204,1.5333333333333334,0.24930555555555556,8.524305555555555
2007-03-18,7.994,1.5691392099571915,4.558333333333334,5.117361111111111,4.066666666666666
2007-03-19,7.452,1.2503256361876263,1.1444444444444444,1.8652777777777778,9.804166666666667
2007-03-20,6.55,1.4397605611912994,2.6006944444444446,1.9701388888888889,7.815972222222222
2007-03-21,5.88,1.056957014609023,1.2951388888888888,2.870138888888889,8.565972222222221
2007-03-22,5.744,0.91658506461708,0.24513888888888888,0.5111111111111111,7.2652777777777775
2007-03-23,4.314,0.8196419693301586,0.7826388888888889,0.5395833333333333,5.811805555555556
2007-03-24,7.186,1.5966665184052828,2.5743055555555556,4.0256944444444445,11.376388888888888
2007-03-25,7.918,1.2013122908707585,3.2175121612230715,2.5017373175816537,6.503127171646977
2007-03-26,5.804,0.8601080514017377,0.7555555555555555,0.2388888888888889,6.316666666666666
2007-03-27,5.938,0.9524884118844432,0.0,2.0965277777777778,2.567361111111111
2007-03-28,6.714,1.3273216739403761,0.7791666666666667,5.9215277777777775,9.644444444444444
2007-03-29,6.49,1.099647947389622,0.8069444444444445,0.3194444444444444,7.447222222222222
2007-03-30,5.098,0.8902802616655321,0.7597222222222222,0.325,5.70625
2007-03-31,7.098,1.3013207283857426,1.8194444444444444,5.352083333333334,12.279166666666667
2007-04-01,8.16,1.4205547499176876,3.214583333333333,3.7506944444444446,13.547916666666667
2007-04-02,6.338,1.0475510383267197,1.21875,0.6736111111111112,11.55625
2007-04-03,7.928,1.3179436312459225,2.5208333333333335,0.7236111111111111,5.303472222222222
2007-04-04,6.266,1.1245997783660833,2.3847222222222224,0.2916666666666667,10.241666666666667
2007-04-05,8.102,1.423730535253956,0.7541666666666667,2.970138888888889,7.307638888888889
2007-04-06,5.812,1.004046197184094,0.0,3.7958333333333334,6.365277777777778
2007-04-07,5.44,1.1766989566381523,0.7826388888888889,2.160416666666667,4.113194444444445
2007-04-08,3.598,0.9118121863839938,0.0,0.3368055555555556,2.4618055555555554
2007-04-09,3.766,0.7570647599311926,1.8520833333333333,0.35694444444444445,2.6395833333333334
2007-04-10,3.076,0.45382389928818184,0.1451388888888889,0.5152777777777777,1.7861111111111112
2007-04-11,2.906,0.5147247497304727,0.0,0.7722222222222223,4.459027777777778
2007-04-12,1.542,0.2811334567809056,0.0,0.37569444444444444,1.2625
2007-04-13,1.466,0.2865075458925478,0.0,0.3875,1.3805555555555555
2007-04-14,1.526,0.2879180206029285,0.0,0.4013888888888889,1.3944444444444444
2007-04-15,3.906,0.5637374478558692,0.0,0.7125,2.009027777777778
2007-04-16,6.026,0.8049052663453741,0.6611111111111111,0.90625,3.2333333333333334
2007-04-17,6.41,0.8766192161247344,1.0638888888888889,0.2701388888888889,4.304861111111111
2007-04-18,6.054,0.776786698419657,1.0965277777777778,0.2465277777777778,2.3819444444444446
2007-04-19,5.798,0.6297265959661628,0.5090277777777777,1.1145833333333333,3.9916666666666667
2007-04-20,5.814,0.7870400207407171,0.7423611111111111,0.25,2.4298611111111112
2007-04-21,7.336,1.2294766984072902,4.565972222222222,0.3215277777777778,7.728472222222222
2007-04-22,6.958,1.2789670812424907,2.9611111111111112,1.5881944444444445,7.709722222222222
2007-04-23,4.676,0.7502263656421678,0.9736111111111111,0.35138888888888886,4.170138888888889
2007-04-24,5.638,0.7279933312101591,0.78125,0.3659722222222222,4.638888888888889
2007-04-25,4.602,0.8892194524704037,0.0,1.020138888888889,6.1194444444444445
2007-04-26,5.394,0.8845660879257086,0.9194444444444444,1.28125,4.9743055555555555
2007-04-27,4.658,0.90268431626783,1.2305555555555556,0.3784722222222222,3.3027777777777776
2007-04-28,1.478,0.4281128244705951,0.0,0.8571428571428571,0.0
2007-04-29,,,,,
2007-04-30,3.966,0.8144515326412857,2.107638888888889,0.8680555555555556,1.9635416666666667
2007-05-01,6.096,1.1133166682055686,2.78125,0.6909722222222222,5.934722222222222
2007-05-02,5.76,0.6677569965471921,0.004861111111111111,1.0347222222222223,2.6069444444444443
2007-05-03,4.712,0.8035407669721326,1.323611111111111,1.1979166666666667,5.441666666666666
2007-05-04,5.702,0.8905908783202836,1.56875,0.3736111111111111,2.7708333333333335
2007-05-05,5.642,1.036089373685157,2.0229166666666667,1.73125,7.8493055555555555
2007-05-06,6.126,1.116840837353394,2.232638888888889,0.6590277777777778,7.010416666666667
2007-05-07,7.572,1.1717913614878464,0.6569444444444444,3.4270833333333335,6.550694444444445
2007-05-08,7.672,1.1678211300900476,3.18125,1.3965277777777778,6.095138888888889
2007-05-09,6.356,1.1485286347731307,2.095833333333333,3.910416666666667,6.579166666666667
2007-05-10,4.276,0.6202291811855025,0.6569444444444444,0.37083333333333335,2.2645833333333334
2007-05-11,4.724,0.6778406146796981,0.6430555555555556,0.34097222222222223,4.49375
2007-05-12,7.172,1.0008804674875291,1.5604166666666666,0.7465277777777778,7.227777777777778
2007-05-13,5.562,1.0523378020684186,2.5083333333333333,1.676388888888889,6.220833333333333
2007-05-14,5.62,1.1082444055781084,2.2055555555555557,1.6784722222222221,3.83125
2007-05-15,4.228,0.4654596063787461,0.0,0.2833333333333333,3.6930555555555555
2007-05-16,5.64,1.0040077013247248,1.5368055555555555,3.9972222222222222,6.303472222222222
2007-05-17,5.81,0.7975003863439967,0.7041666666666667,1.4395833333333334,5.3381944444444445
2007-05-18,6.126,1.1266190739665571,2.2708333333333335,2.717361111111111,5.636111111111111
2007-05-19,4.524,0.9131887610044533,3.252083333333333,0.3680555555555556,4.876388888888889
2007-05-20,5.344,1.2517567208071467,3.763888888888889,1.2034722222222223,5.285416666666666
2007-05-21,4.572,0.6164935151215594,0.0,0.325,6.291666666666667
2007-05-22,5.328,0.9379385261289804,0.6465277777777778,2.754166666666667,2.7666666666666666
2007-05-23,5.432,0.8089247350422476,0.6638888888888889,2.6333333333333333,5.638194444444444
2007-05-24,5.462,0.9463775961434627,0.6631944444444444,2.8583333333333334,3.2958333333333334
2007-05-25,6.98,1.3490825440710876,5.597222222222222,0.40694444444444444,4.540972222222222
2007-05-26,4.974,0.8965671436140525,1.6479166666666667,1.9125,5.991666666666666
2007-05-27,6.776,1.4121226735065446,3.0319444444444446,3.8430555555555554,7.252777777777778
2007-05-28,5.798,0.982652924989621,3.1625,0.3284722222222222,6.656944444444444
2007-05-29,4.226,0.6835899582814525,0.0,1.3243055555555556,3.0083333333333333
2007-05-30,6.124,0.9941799369476279,1.5625,4.1305555555555555,5.419444444444444
2007-05-31,4.5,0.6546671065614045,0.6493055555555556,0.33125,2.466666666666667
2007-06-01,5.354,0.5798166675144997,0.0,0.33564975677553854,5.3259207783182765
2007-06-02,6.602,1.005027681684657,2.7576388888888888,0.8680555555555556,5.300694444444445
2007-06-03,6.79,1.383839311774835,3.4618055555555554,5.228472222222222,5.7875
2007-06-04,4.452,0.6471509815054634,1.1006944444444444,0.5805555555555556,3.1479166666666667
2007-06-05,5.518,0.9256658432015404,3.113888888888889,0.7131944444444445,4.477777777777778
2007-06-06,5.326,0.915929097316002,2.313412091730368,0.576094510076442,8.104933981931897
2007-06-07,3.682,0.570441962433701,0.6840277777777778,0.48541666666666666,2.7493055555555554
2007-06-08,7.614,1.5189161055330969,1.94375,7.944444444444445,7.902777777777778
2007-06-09,4.548,0.5768093867382859,0.6077032810271041,0.42510699001426533,4.700427960057062
2007-06-10,5.842,0.953317051454839,2.9180555555555556,1.336111111111111,4.154861111111111
2007-06-11,5.044,0.5405142125691673,0.0,0.33819444444444446,3.7
2007-06-12,6.092,0.7423191176058569,1.3069444444444445,0.3298611111111111,2.7069444444444444
2007-06-13,4.652,0.6418128395971308,0.6645833333333333,0.5951388888888889,3.6222222222222222
2007-06-14,6.476,1.140624795356451,2.3069444444444445,1.4909722222222221,4.898611111111111
2007-06-15,5.376,0.8744788830819298,1.5756944444444445,2.785416666666667,3.157638888888889
2007-06-16,4.928,1.1384460423059093,2.2840277777777778,3.123611111111111,7.713888888888889
2007-06-17,6.436,1.2606173910643648,2.863888888888889,3.498611111111111,6.065277777777778
2007-06-18,4.638,0.5378472687350507,0.0,0.36736111111111114,2.9451388888888888
2007-06-19,5.202,0.6093781297044895,0.6766342141863699,0.3720445062586926,3.02990264255911
2007-06-20,6.496,0.9445425594703705,1.2229166666666667,1.7972222222222223,3.5458333333333334
2007-06-21,6.522,0.7320067351481772,0.6472222222222223,1.6666666666666667,2.5770833333333334
2007-06-22,4.22,0.4091433098492055,0.0,0.6604166666666667,2.4180555555555556
2007-06-23,2.926,0.3504713281607939,0.0,0.5458333333333333,1.6680555555555556
2007-06-24,3.34,0.4554032644837405,0.0,0.5493055555555556,2.395138888888889
2007-06-25,7.164,1.0551576756133465,1.3784722222222223,2.5145833333333334,3.3444444444444446
2007-06-26,7.29,0.8681204118235872,0.6743055555555556,0.9263888888888889,3.6326388888888888
2007-06-27,7.436,1.3484467584290216,1.8076388888888888,4.479861111111111,5.048611111111111
2007-06-28,6.2,0.8790952139443763,0.0,3.033333333333333,6.625694444444444
2007-06-29,5.188,1.0092383702027108,3.0319666435024324,0.46351633078526755,4.723419041000695
2007-06-30,6.376,0.960120378859947,2.1173611111111112,0.55,5.816666666666666
2007-07-01,2.966,0.6277467508463966,0.6729166666666667,0.5111111111111111,3.2569444444444446
2007-07-02,6.694,1.0351852185440764,0.7069444444444445,3.667361111111111,2.392361111111111
2007-07-03,6.702,0.9378837993727058,0.32430555555555557,2.2319444444444443,3.2604166666666665
2007-07-04,5.346,0.8583840229797379,1.617361111111111,1.5402777777777779,3.911111111111111
2007-07-05,5.564,0.9024028276551287,2.029166666666667,0.5347222222222222,2.759027777777778
2007-07-06,7.24,1.1142556611111636,1.9625,2.4743055555555555,2.78125
2007-07-07,6.962,0.8970723842263242,0.6923611111111111,2.115972222222222,7.067361111111111
2007-07-08,6.17,0.8100484227650541,1.2673611111111112,1.9659722222222222,3.6645833333333333
2007-07-09,5.914,0.7998017430567812,0.6409722222222223,0.4125,6.518055555555556
2007-07-10,6.284,0.8656840661990106,0.04652777777777778,1.5465277777777777,3.2159722222222222
2007-07-11,4.166,0.6022924876857788,0.7048611111111112,0.44930555555555557,3.6694444444444443
2007-07-12,5.822,0.9742875762380814,0.7145833333333333,1.7708333333333333,4.457638888888889
2007-07-13,5.456,0.5410750525493797,0.0,0.4395833333333333,3.0743055555555556
2007-07-14,4.874,1.0009506545820681,2.6215277777777777,1.3666666666666667,4.586111111111111
2007-07-15,3.71,0.6622727631451415,0.6580152671755726,0.48244274809160304,4.263358778625954
2007-07-16,4.35,0.5566733053146125,0.5763888888888888,0.4826388888888889,2.9
2007-07-17,3.67,0.6110064936978168,0.5888888888888889,0.48194444444444445,2.3159722222222223
2007-07-18,5.104,0.6732270076947754,0.63125,0.46597222222222223,3.213888888888889
2007-07-19,4.222,0.5330996859628899,0.7416666666666667,0.48819444444444443,2.173611111111111
2007-07-20,5.686,0.8265421398589597,1.4659722222222222,1.6791666666666667,3.3090277777777777
2007-07-21,4.724,0.6641377175350568,0.2972222222222222,0.35555555555555557,5.386111111111111
2007-07-22,6.596,1.2229172736191913,4.927727588603196,1.4843641417651146,3.865879082696317
2007-07-23,5.518,0.8082811687542416,1.2131944444444445,0.8944444444444445,2.671527777777778
2007-07-24,3.052,0.6156599679964124,0.0,1.1159722222222221,3.8881944444444443
2007-07-25,3.946,0.3774028360060834,0.0,0.10486111111111111,1.6201388888888888
2007-07-26,5.476,0.8574781064686849,0.6770833333333334,2.5229166666666667,3.0180555555555557
2007-07-27,4.608,0.7977619419572741,1.2756944444444445,0.034027777777777775,4.970138888888889
2007-07-28,5.802,1.2274306798723817,0.6298611111111111,7.128472222222222,4.554861111111111
2007-07-29,1.298,0.23404232730881352,0.0,0.0,0.8944444444444445
2007-07-30,4.1,0.3941809626725877,0.0,0.0,1.7555555555555555
2007-07-31,3.848,0.7306780668842339,2.2756944444444445,0.0,2.482638888888889
2007-08-01,3.71,0.7404621318016432,1.1155743481324876,0.0,6.9147286821705425
2007-08-02,3.596,0.7012711304438151,0.3347222222222222,0.0,4.770138888888889
2007-08-03,4.548,0.6532399733740136,0.6652777777777777,0.0,6.346527777777778
2007-08-04,3.64,0.7129272950009005,0.38333333333333336,0.2763888888888889,5.531944444444444
2007-08-05,4.294,0.6181888433050186,0.11736111111111111,0.0,4.615972222222222
2007-08-06,5.146,0.8499917368686365,0.7611111111111111,0.0,5.545138888888889
2007-08-07,4.778,0.8117641645673718,0.3034722222222222,1.5055555555555555,6.279166666666667
2007-08-08,5.702,0.8685005312625087,0.7326388888888888,0.7715277777777778,6.708333333333333
2007-08-09,6.332,0.9993638702507377,0.12638888888888888,3.1354166666666665,4.615277777777778
2007-08-10,5.572,0.8659477394187526,0.23333333333333334,1.8409722222222222,5.754861111111111
2007-08-11,5.602,0.7897313625042285,0.8194444444444444,0.6319444444444444,7.179861111111111
2007-08-12,7.548,1.178614841003175,0.7798611111111111,0.8027777777777778,5.959722222222222
2007-08-13,3.36,0.6560693114903506,0.06458333333333334,0.33055555555555555,7.709027777777778
2007-08-14,5.534,0.8095337561064918,0.6604166666666667,0.4756944444444444,4.344444444444444
2007-08-15,6.508,0.8865657225731579,0.23472222222222222,0.3527777777777778,6.7965277777777775
2007-08-16,4.146,0.7866436661301891,0.6680555555555555,0.0,5.191666666666666
2007-08-17,5.142,0.9206902032701612,0.16944444444444445,0.0,5.395138888888889
2007-08-18,1.384,0.2814198540887717,0.0,0.0,1.2708333333333333
2007-08-19,6.63,1.3469775472660177,0.7118055555555556,6.188888888888889,4.159027777777778
2007-08-20,5.084,0.9041687511987747,0.7166666666666667,4.836805555555555,5.127083333333333
2007-08-21,4.96,0.5540870313042829,0.0,0.02638888888888889,2.2888888888888888
2007-08-22,5.332,1.0775951508853616,2.1166666666666667,1.275,5.028472222222222
2007-08-23,5.17,0.8487898832423282,1.7375,0.1798611111111111,3.709722222222222
2007-08-24,8.694,1.176935991293306,1.31410701876303,2.62821403752606,6.910354412786657
2007-08-25,6.796,1.0529792225619876,2.88125,1.5215277777777778,3.9430555555555555
2007-08-26,8.166,1.13626991037568,1.070138888888889,2.53125,3.9291666666666667
2007-08-27,5.194,0.9572398259301418,1.6006944444444444,0.8534722222222222,4.405555555555556
2007-08-28,4.104,0.765816708449023,0.7208333333333333,1.7138888888888888,3.807638888888889
2007-08-29,4.292,0.6455229611823553,0.6645833333333333,0.3902777777777778,3.425
2007-08-30,5.018,1.0681508840485685,2.654166666666667,1.7916666666666667,2.93125
2007-08-31,5.164,0.8423261352012102,0.8333333333333334,0.4625,6.0680555555555555
2007-09-01,4.934,0.9859875599435558,1.7340277777777777,0.3951388888888889,6.759027777777778
2007-09-02,5.306,1.061413544724978,2.509027777777778,1.1229166666666666,6.115277777777778
2007-09-03,5.002,0.8427797799357407,0.43125,1.7465277777777777,3.696527777777778
2007-09-04,5.868,1.0700278516490884,2.033333333333333,2.43125,6.820138888888889
2007-09-05,7.98,1.0627107168578385,0.0,2.8777777777777778,4.65625
2007-09-06,5.748,0.8290386384664726,0.0,2.7,2.4034722222222222
2007-09-07,5.656,0.9803722550669901,2.522222222222222,0.38263888888888886,6.519444444444445
2007-09-08,5.896,1.0314398400233376,2.31875,1.2506944444444446,6.363888888888889
2007-09-09,5.69,1.1518418087179474,1.5166666666666666,3.0819444444444444,6.4118055555555555
2007-09-10,6.106,1.0548073862406315,0.6493055555555556,0.4131944444444444,3.8979166666666667
2007-09-11,4.736,0.8655976521623223,0.6548611111111111,0.3819444444444444,4.022222222222222
2007-09-12,6.18,1.0213368307903172,0.0,2.234027777777778,5.385416666666667
2007-09-13,6.752,0.9741282469750616,0.8159722222222222,1.7520833333333334,2.6756944444444444
2007-09-14,5.246,0.7849083945855707,0.6256944444444444,0.46944444444444444,4.030555555555556
2007-09-15,5.452,0.7362068620373694,0.0,1.00625,4.488888888888889
2007-09-16,6.04,1.204533706443091,2.165277777777778,2.1277777777777778,6.465277777777778
2007-09-17,8.11,1.4728662777913817,4.61875,0.6430555555555556,4.360416666666667
2007-09-18,5.242,0.9704202111983323,1.3111111111111111,1.4090277777777778,3.767361111111111
2007-09-19,5.992,0.9632738670606269,0.0,1.9048611111111111,5.511805555555555
2007-09-20,6.148,0.954170711248739,0.7333333333333333,0.33958333333333335,6.941666666666666
2007-09-21,6.406,1.1299943051884465,2.173611111111111,1.90625,4.386111111111111
2007-09-22,5.804,0.7884132489326775,0.6555555555555556,0.9104166666666667,5.338888888888889
2007-09-23,5.098,1.0600778340827461,1.9659722222222222,1.3395833333333333,5.126388888888889
2007-09-24,6.81,1.1755292851860768,0.6451388888888889,2.732638888888889,5.524305555555555
2007-09-25,5.85,1.0846338159879452,0.6361111111111111,1.5645833333333334,6.819444444444445
2007-09-26,7.03,1.2449993881376002,0.7357440890125174,6.547287899860918,3.9367176634214185
2007-09-27,5.786,1.0127180628946713,0.7402777777777778,0.4465277777777778,5.086111111111111
2007-09-28,7.244,1.141157614148935,0.6916666666666667,2.584722222222222,6.911111111111111
2007-09-29,7.592,1.424132196492257,2.8368055555555554,5.178472222222222,5.6875
2007-09-30,4.17,0.9125321799327338,0.9756944444444444,0.4041666666666667,7.100694444444445
2007-10-01,7.624,1.1627893274017067,1.0465277777777777,4.598611111111111,4.138888888888889
2007-10-02,6.034,1.0648819540075634,0.3527777777777778,5.570833333333334,8.899305555555555
2007-10-03,5.604,0.9443719026221215,0.6798611111111111,3.488888888888889,2.563888888888889
2007-10-04,6.446,1.022621349797554,1.6666666666666667,0.30833333333333335,6.743055555555555
2007-10-05,5.038,0.7457785292109681,0.0,0.24375,6.545138888888889
2007-10-06,6.252,1.0344488530707223,3.361111111111111,0.24097222222222223,6.7125
2007-10-07,6.16,1.3513145461965315,1.7347222222222223,5.732638888888889,7.559722222222222
2007-10-08,5.372,0.7404225938992944,0.0,0.2916666666666667,3.529166666666667
2007-10-09,6.796,1.2140902461431204,1.4125,1.4909722222222221,6.451388888888889
2007-10-10,6.722,1.0289365313457373,1.29375,1.4701388888888889,2.3229166666666665
2007-10-11,6.426,1.2395066036744087,1.8263888888888888,0.2875,5.420833333333333
2007-10-12,5.688,1.207250617695572,0.7083333333333334,3.4916666666666667,8.096527777777778
2007-10-13,9.036,1.4678022505798247,0.6729166666666667,2.6381944444444443,5.877083333333333
2007-10-14,7.884,1.308193554708536,2.0347222222222223,5.204166666666667,4.948611111111111
2007-10-15,4.846,0.8614002750725503,0.7368055555555556,0.23541666666666666,5.315277777777778
2007-10-16,7.152,1.2306313517128609,0.0,5.465972222222222,6.858333333333333
2007-10-17,6.9,1.0048855432401875,0.7395833333333334,0.3145833333333333,6.227777777777778
2007-10-18,5.78,0.9824901212049845,0.8069444444444445,0.22013888888888888,6.85
2007-10-19,6.192,1.1519983514774705,0.9020833333333333,2.1694444444444443,8.088888888888889
2007-10-20,5.57,0.8858980579859674,1.6409722222222223,0.20555555555555555,9.184027777777779
2007-10-21,7.44,1.3882029351639276,2.577777777777778,3.0256944444444445,5.0784722222222225
2007-10-22,5.326,0.6869434193590211,0.0,0.2076388888888889,9.046527777777778
2007-10-23,8.498,1.3310583362954749,0.7420027816411683,3.6063977746870655,7.426981919332406
2007-10-24,5.826,1.2881144880939328,3.0965277777777778,0.25277777777777777,6.329861111111111
2007-10-25,6.544,1.3131507048634965,1.0263888888888888,1.6895833333333334,5.128472222222222
2007-10-26,5.802,0.8004142901483441,0.0,0.24166666666666667,4.004166666666666
2007-10-27,6.678,1.3734892800375973,0.9541666666666667,3.3722222222222222,6.214583333333334
2007-10-28,1.516,0.2953479222542607,0.0,0.19652777777777777,1.2256944444444444
2007-10-29,1.606,0.33564710141614335,0.0,0.18680555555555556,1.9090277777777778
2007-10-30,7.922,0.8292043417908236,0.0,1.34375,2.9555555555555557
2007-10-31,6.206,1.0152141042684528,0.0,3.263888888888889,6.190972222222222
2007-11-01,1.444,0.2909678693799451,0.0,0.20347222222222222,1.382638888888889
2007-11-02,5.582,0.9553940532991486,0.9347222222222222,1.46875,8.503472222222221
2007-11-03,1.504,0.28667210931786175,0.0,0.19583333333333333,1.3444444444444446
2007-11-04,5.506,1.294414396988384,0.0,3.046527777777778,4.908333333333333
2007-11-05,3.844,0.7807738429323996,0.8784722222222222,0.27569444444444446,4.571527777777778
2007-11-06,5.844,1.087268125584048,0.7673611111111112,3.829861111111111,7.423611111111111
2007-11-07,6.456,1.2888586215882483,3.501388888888889,0.20902777777777778,4.426388888888889
2007-11-08,6.46,1.0565518458225185,1.1909722222222223,0.21805555555555556,4.513888888888889
2007-11-09,7.046,1.1186007242294722,0.0,3.1756944444444444,10.677083333333334
2007-11-10,6.622,1.4194133325541713,2.567361111111111,0.2111111111111111,9.560416666666667
2007-11-11,9.326,1.1943548466200549,2.392361111111111,0.2222222222222222,4.183333333333334
2007-11-12,8.026,1.2647346721601402,0.7069444444444445,2.892361111111111,9.222916666666666
2007-11-13,8.848,1.4735863368480964,0.6791666666666667,3.4256944444444444,7.691666666666666
2007-11-14,4.604,0.8798325475316358,0.7326388888888888,0.2048611111111111,11.350694444444445
2007-11-15,4.874,1.0052649838878578,1.1152777777777778,0.39652777777777776,5.210416666666666
2007-11-16,6.606,1.247606449986513,1.382638888888889,3.236111111111111,9.419444444444444
2007-11-17,6.498,1.4416862318168773,1.7972222222222223,1.5270833333333333,10.409722222222221
2007-11-18,6.41,1.4225244469517941,3.6118055555555557,1.45625,4.906944444444444
2007-11-19,6.078,1.118773119197119,0.75625,0.17569444444444443,7.465277777777778
2007-11-20,6.26,1.190531434279679,0.7048611111111112,2.745833333333333,7.656944444444444
2007-11-21,5.954,1.052002684741474,0.7915218902015289,0.38151494093120225,6.570535093815149
2007-11-22,7.96,1.3045455072114904,1.9909722222222221,0.20625,6.250694444444444
2007-11-23,7.308,1.439678675332616,1.5055555555555555,4.292361111111111,9.503472222222221
2007-11-24,6.068,1.1021571441399518,1.0923611111111111,2.86875,9.340972222222222
2007-11-25,6.456,1.110559658529028,2.4694444444444446,0.19375,3.9430555555555555
2007-11-26,6.34,1.0127384869674385,0.7555555555555555,0.2,6.198611111111111
2007-11-27,7.212,1.4365370880258281,0.7381944444444445,7.652777777777778,10.49375
2007-11-28,5.75,1.0104142212871217,0.8208333333333333,0.5340277777777778,5.423611111111111
2007-11-29,5.144,1.0394518071087897,1.4113968033356497,0.19666435024322446,6.127866574009729
2007-11-30,7.446,1.2654890799627245,0.0,5.514583333333333,9.44513888888889
2007-12-01,7.738,1.6024922991016293,6.497222222222222,0.24513888888888888,12.39375
2007-12-02,8.594,1.420503775342568,1.4513888888888888,4.802083333333333,7.386111111111111
2007-12-03,6.33,0.9681173330373615,0.7923611111111111,0.2076388888888889,7.241666666666666
2007-12-04,7.448,1.4747460815116562,0.7027777777777777,4.0472222222222225,5.945138888888889
2007-12-05,7.604,1.2412080401008134,2.376388888888889,0.2048611111111111,7.582638888888889
2007-12-06,6.838,1.293613945495155,3.2993055555555557,0.22083333333333333,8.269444444444444
2007-12-07,7.154,1.044871729411919,0.31875,2.576388888888889,7.127083333333333
2007-12-08,6.222,1.4068527760117404,0.7868055555555555,1.6347222222222222,8.529861111111112
2007-12-09,8.054,1.6615223125369991,2.9,1.6861111111111111,6.061111111111111
2007-12-10,7.312,1.1361114913291113,0.7652777777777777,0.19305555555555556,5.750694444444444
2007-12-11,6.56,1.171562169212879,0.7291666666666666,2.6506944444444445,8.847222222222221
2007-12-12,5.256,0.9421213453942825,0.8,0.1763888888888889,5.388194444444444
2007-12-13,6.1,1.1513976630808274,0.7659722222222223,1.0055555555555555,6.188194444444444
2007-12-14,9.224,1.2107796189167233,0.6805555555555556,2.6729166666666666,8.986805555555556
2007-12-15,8.784,1.447355416114488,1.1847222222222222,2.560416666666667,9.939583333333333
2007-12-16,7.908,1.3347648053892256,2.3680555555555554,1.5840277777777778,8.978472222222223
2007-12-17,6.796,1.2531144214831027,1.1369006254343295,0.16886726893676163,7.343293954134816
2007-12-18,7.226,1.432960596895475,0.7798611111111111,4.034722222222222,7.7034722222222225
2007-12-19,5.892,1.1690651962249492,0.85625,1.8458333333333334,8.110416666666667
2007-12-20,5.552,0.9612903058481324,1.2909722222222222,0.19166666666666668,9.438888888888888
2007-12-21,6.486,1.027067027761624,0.8270833333333333,0.1388888888888889,8.50763888888889
2007-12-22,8.526,1.5262298474500224,2.652083333333333,3.1597222222222223,8.800694444444444
2007-12-23,9.686,1.4362257997545065,1.36875,2.1465277777777776,8.306944444444444
2007-12-24,6.382,1.2480006916972126,2.0729166666666665,1.6083333333333334,9.965277777777779
2007-12-25,6.756,1.4607716410587386,3.186111111111111,2.338888888888889,6.308333333333334
2007-12-26,6.394,1.1139651658393188,0.7701388888888889,1.9256944444444444,6.583333333333333
2007-12-27,7.924,1.4328214468880152,2.8625,1.0347222222222223,5.527777777777778
2007-12-28,9.59,1.9121963918309237,1.375,5.940277777777778,10.988194444444444
2007-12-29,6.608,1.2346350064276466,3.3583333333333334,1.6902777777777778,10.35138888888889
2007-12-30,7.364,1.5248045439400724,2.4965277777777777,2.497916666666667,9.364583333333334
2007-12-31,6.158,1.1981950320049126,0.0,2.4006944444444445,9.771527777777777
2008-01-01,5.686,1.0256950665122688,1.7090277777777778,1.9020833333333333,8.57986111111111
2008-01-02,5.6,0.7969808957577595,0.0,2.1486111111111112,6.240972222222222
2008-01-03,5.662,0.9064998682866805,0.7847222222222222,0.5875,4.632638888888889
2008-01-04,6.324,1.241769870020967,0.8618055555555556,3.698611111111111,8.161111111111111
2008-01-05,5.326,1.1007957529685906,1.4673611111111111,0.1986111111111111,10.13263888888889
2008-01-06,6.376,1.1637985109821014,1.3652777777777778,1.6979166666666667,5.433333333333334
2008-01-07,5.864,1.0421718656231005,0.8944444444444445,0.19583333333333333,7.148611111111111
2008-01-08,7.296,1.3968170446060009,1.5256944444444445,2.4381944444444446,6.800694444444445
2008-01-09,7.54,1.0617243919331942,0.8069444444444445,0.19722222222222222,6.2243055555555555
2008-01-10,5.124,0.9554893432674565,0.9076388888888889,0.19791666666666666,6.938888888888889
2008-01-11,4.692,0.8340414649382101,0.8756944444444444,0.2013888888888889,5.553472222222222
2008-01-12,8.282,1.6455349855722257,3.8847222222222224,1.820138888888889,7.719444444444444
2008-01-13,6.922,1.4178295581734952,4.520500347463516,0.23627519110493397,6.505906879777624
2008-01-14,8.362,1.4944127279707966,4.1097222222222225,0.23541666666666666,6.7625
2008-01-15,8.666,1.3605188675779532,0.5430555555555555,4.779861111111111,10.077777777777778
2008-01-16,5.312,1.0402914100523657,0.8069444444444445,2.3819444444444446,6.521527777777778
2008-01-17,6.0,0.8802324984952706,0.6993055555555555,0.24305555555555555,6.011805555555555
2008-01-18,5.55,0.9875956384929296,0.7180555555555556,0.5875,10.404861111111112
2008-01-19,6.33,1.3170566883562718,1.7506944444444446,4.204166666666667,5.565972222222222
2008-01-20,5.106,1.0117522833434798,1.2326388888888888,0.2638888888888889,3.4305555555555554
2008-01-21,5.36,0.9251461499307869,0.0,0.2611111111111111,7.254861111111111
2008-01-22,8.12,1.6656338176313268,3.2430555555555554,5.305555555555555,5.2444444444444445
2008-01-23,5.306,0.858237476632219,0.775,0.26875,9.277083333333334
2008-01-24,5.54,1.042543209983106,0.76875,0.2222222222222222,4.121527777777778
2008-01-25,5.522,0.9386705298212664,0.0,1.68125,7.922916666666667
2008-01-26,9.666,1.6048560568161168,3.420138888888889,0.21597222222222223,10.8375
2008-01-27,10.162,1.427800727929554,2.5868055555555554,2.651388888888889,5.115972222222222
2008-01-28,4.816,0.9503402987020989,0.7930555555555555,0.19444444444444445,8.883333333333333
2008-01-29,7.962,1.3072518999608904,1.0326388888888889,4.304861111111111,7.692361111111111
2008-01-30,6.134,0.8743749575257503,0.0,0.18125,5.042361111111111
2008-01-31,6.188,1.2242177853661789,0.8090277777777778,0.18541666666666667,6.553472222222222
2008-02-01,6.56,0.8053657405142903,0.23333333333333334,0.19444444444444445,5.028472222222222
2008-02-02,8.716,1.7648815725528733,4.341209173036831,1.920778318276581,10.554551772063933
2008-02-03,5.5,1.2202303876838592,1.6104166666666666,3.079861111111111,5.8694444444444445
2008-02-04,5.108,0.9944253822483505,0.80625,0.175,6.61875
2008-02-05,7.706,1.3628178916122295,0.7625,5.41875,9.525694444444444
2008-02-06,5.764,1.1524785069995116,1.4680555555555554,0.24722222222222223,5.852777777777778
2008-02-07,5.796,1.0026232645683109,0.0,0.2048611111111111,5.617361111111111
2008-02-08,5.364,0.9917995770529401,0.6527777777777778,1.3340277777777778,6.6409722222222225
2008-02-09,5.912,1.2216349396880923,1.4236111111111112,1.9708333333333334,7.147916666666666
2008-02-10,6.726,1.4497679443303761,1.7791666666666666,2.0520833333333335,7.033333333333333
2008-02-11,5.864,1.1079080876416265,0.7069444444444445,0.20625,6.201388888888889
2008-02-12,5.736,1.042607951713203,1.395138888888889,1.288888888888889,8.429166666666667
2008-02-13,5.484,1.124804812243222,1.7569444444444444,2.5104166666666665,5.2555555555555555
2008-02-14,5.564,0.9199745622125308,0.9027777777777778,0.20208333333333334,6.457638888888889
2008-02-15,6.916,1.1340569690902444,0.7701388888888889,1.1965277777777779,9.317361111111111
2008-02-16,4.92,1.2833756987282292,0.7472222222222222,1.6388888888888888,8.05486111111111
2008-02-17,6.116,1.2164280421191913,2.209722222222222,1.5673611111111112,4.200694444444444
2008-02-18,5.916,0.9469565288784453,0.0,0.17430555555555555,7.184027777777778
2008-02-19,5.718,1.191902682660788,1.30625,3.2715277777777776,7.777777777777778
2008-02-20,8.136,1.4753954852966509,2.5381944444444446,3.8305555555555557,5.35
2008-02-21,5.246,0.9506588819809122,0.0,0.21319444444444444,5.91875
2008-02-22,6.686,1.0942438562111476,0.8104166666666667,1.3784722222222223,7.014583333333333
2008-02-23,7.694,1.2420863074846367,1.1710709318497914,1.564673157162726,6.98191933240612
2008-02-24,4.94,0.8059145835194145,0.5236111111111111,0.23055555555555557,7.949305555555555
2008-02-25,1.5,0.28685161484346905,0.0,0.22291666666666668,1.288888888888889
2008-02-26,1.454,0.29551831475763474,0.0,0.2048611111111111,1.3979166666666667
2008-02-27,1.52,0.3441823170603574,0.0,0.2263888888888889,2.0618055555555554
2008-02-28,1.442,0.2916728602406692,0.0,0.1951388888888889,1.4083333333333334
2008-02-29,3.88,0.872153113618427,0.0,2.620138888888889,5.598611111111111
2008-03-01,4.038,0.555190249467005,0.0,0.89375,1.8916666666666666
2008-03-02,5.13,0.8780444857577424,0.0,3.6416666666666666,1.78125
2008-03-03,2.92,0.4450131670132352,0.0,1.5326388888888889,1.21875
2008-03-04,6.606,0.9755729363391769,0.8673611111111111,1.6965277777777779,6.538194444444445
2008-03-05,8.336,1.6840880432386403,0.7951388888888888,6.803472222222222,3.839583333333333
2008-03-06,6.924,0.8827246225707763,0.7513888888888889,0.25833333333333336,4.836805555555555
2008-03-07,6.686,1.2295641127388766,0.8576388888888888,2.410416666666667,6.272916666666666
2008-03-08,7.224,1.4651784022977556,4.365277777777778,0.24027777777777778,5.857638888888889
2008-03-09,5.83,1.003280101009761,1.8104166666666666,0.23125,2.8854166666666665
2008-03-10,5.38,0.9907249565464542,1.395138888888889,0.25555555555555554,6.013888888888889
2008-03-11,8.662,1.2989737068113356,0.8826388888888889,2.7090277777777776,8.983333333333333
2008-03-12,5.696,1.0817013109763076,0.7777777777777778,1.648611111111111,7.668055555555555
2008-03-13,7.778,1.4795371987831858,2.265972222222222,2.4930555555555554,3.7944444444444443
2008-03-14,6.096,1.0419143662317503,0.6805555555555556,2.6951388888888888,10.052777777777777
2008-03-15,5.094,0.9122618045233938,1.7708333333333333,0.3486111111111111,4.104166666666667
2008-03-16,6.728,1.1406092480431185,1.6625,0.39305555555555555,7.8375
2008-03-17,5.844,0.9919339284750588,0.1638888888888889,4.61875,6.490277777777778
2008-03-18,6.766,1.0272641971455099,0.8027777777777778,2.7909722222222224,8.71111111111111
2008-03-19,4.518,0.8937445529287957,1.4652777777777777,0.28541666666666665,4.273611111111111
2008-03-20,4.492,0.8521276253626482,0.76875,0.33194444444444443,4.631944444444445
2008-03-21,8.126,1.2296265501915875,1.507638888888889,3.3180555555555555,9.21875
2008-03-22,6.086,1.260286366740125,2.3069444444444445,0.4083333333333333,8.614583333333334
2008-03-23,7.564,1.386391713615726,4.360416666666667,1.4666666666666666,9.6375
2008-03-24,6.978,1.2157157584080351,0.7859624739402363,4.161223071577484,4.870048644892286
2008-03-25,6.62,1.140629006577634,1.5597222222222222,2.553472222222222,9.370833333333334
2008-03-26,5.528,0.9620715581922106,1.76875,2.660416666666667,5.240972222222222
2008-03-27,4.754,0.727537994997729,0.0,0.24722222222222223,6.2652777777777775
2008-03-28,5.33,1.2148017126978612,1.6145833333333333,2.5034722222222223,8.042361111111111
2008-03-29,6.94,1.2794735919156235,3.578472222222222,0.2604166666666667,11.972222222222221
2008-03-30,5.634,1.2862586339396513,3.5034722222222223,0.9131944444444444,6.784027777777778
2008-03-31,5.914,0.9519253520463979,0.7576388888888889,0.28541666666666665,6.51875
2008-04-01,6.32,1.2819420779598119,0.7493055555555556,4.622916666666667,10.07986111111111
2008-04-02,5.322,1.0195262404134158,0.7680555555555556,2.551388888888889,5.547916666666667
2008-04-03,6.066,0.7103345232250343,0.0,0.29305555555555557,4.792361111111111
2008-04-04,5.458,0.9351204543107485,1.48125,0.5381944444444444,9.198611111111111
2008-04-05,5.354,1.073684846300691,2.0340277777777778,0.6069444444444444,9.475
2008-04-06,6.16,1.0631401754517793,0.7805555555555556,1.8159722222222223,5.2444444444444445
2008-04-07,5.228,0.9882477690716294,1.6805555555555556,0.4666666666666667,6.573611111111111
2008-04-08,6.768,1.5775189931420917,1.9111111111111112,7.439583333333333,12.165972222222223
2008-04-09,6.398,0.7439522819682236,0.0,0.2611111111111111,6.252083333333333
2008-04-10,6.382,1.0376554032579193,2.2645833333333334,0.3173611111111111,4.532638888888889
2008-04-11,6.082,0.8692997036147292,1.2513888888888889,0.34097222222222223,10.084722222222222
2008-04-12,9.482,1.6347409319236488,4.913888888888889,1.7354166666666666,10.572916666666666
2008-04-13,6.342,1.225403987749516,1.773611111111111,4.126388888888889,9.032638888888888
2008-04-14,6.89,0.9045870342699471,0.0,0.2951388888888889,7.7756944444444445
2008-04-15,7.394,1.1835486609861747,0.8152777777777778,2.776388888888889,6.856944444444444
2008-04-16,4.48,0.6826166597453068,0.5819444444444445,0.2798611111111111,7.8625
2008-04-17,5.736,1.0386251620479883,1.19375,0.28958333333333336,5.998611111111111
2008-04-18,8.244,1.2290072556040759,1.5097222222222222,2.661111111111111,7.584027777777778
2008-04-19,5.354,1.138514851213234,2.9993055555555554,1.70625,10.223611111111111
2008-04-20,8.268,1.3445318060164198,0.7152777777777778,3.1555555555555554,7.222916666666666
2008-04-21,4.152,0.6643967931508492,0.0,1.85625,4.713888888888889
2008-04-22,5.808,1.1016066284129813,0.6743055555555556,3.5368055555555555,7.363194444444445
2008-04-23,4.678,0.8159049549416997,0.9583333333333334,0.3416666666666667,5.8375
2008-04-24,4.08,0.674394442240451,0.8770833333333333,0.3625,3.6777777777777776
2008-04-25,5.438,0.8579713414655725,0.5722222222222222,1.3916666666666666,6.527777777777778
2008-04-26,4.078,0.4391253793812124,0.0,0.44027777777777777,2.4902777777777776
2008-04-27,3.734,0.5303069194060915,0.48125,0.4083333333333333,3.811111111111111
2008-04-28,1.984,0.2970453526932153,0.0,0.43125,1.9347222222222222
2008-04-29,8.264,1.389632441113846,0.9736111111111111,3.7576388888888888,7.278472222222222
2008-04-30,5.038,0.7755509458535381,0.7340277777777777,0.4097222222222222,4.620138888888889
2008-05-01,1.5,0.26449986878341036,0.0,0.3680555555555556,1.7958333333333334
2008-05-02,5.85,0.9766932612016528,2.1625,0.40555555555555556,6.032638888888889
2008-05-03,5.166,0.9640329564072482,0.6916666666666667,0.37569444444444444,4.538194444444445
2008-05-04,6.576,1.1140794689743192,1.525,1.9944444444444445,3.7944444444444443
2008-05-05,5.858,0.7204112175533157,0.7,0.2625,7.08125
2008-05-06,7.294,1.1668251935547618,0.9402777777777778,3.7569444444444446,8.472222222222221
2008-05-07,5.404,0.674129513913194,0.7152777777777778,0.29375,4.617361111111111
2008-05-08,4.718,0.915150519362225,2.546527777777778,0.4875,8.83125
2008-05-09,5.32,0.919297497597838,1.5479166666666666,0.29375,8.266666666666667
2008-05-10,6.902,1.0731304535778063,4.826388888888889,0.425,8.134722222222223
2008-05-11,4.198,0.7671445577269019,0.3909722222222222,0.9305555555555556,4.8125
2008-05-12,5.604,0.9603242456459893,1.4458333333333333,0.7534722222222222,8.30486111111111
2008-05-13,6.748,1.0618612702114727,0.5715277777777777,2.839583333333333,5.8125
2008-05-14,4.332,0.8635333029735301,1.7131944444444445,2.386111111111111,6.747222222222222
2008-05-15,4.106,0.7823434297259513,0.6027777777777777,0.3958333333333333,4.736111111111111
2008-05-16,6.542,1.1260328052255064,1.549374130737135,1.7837273991655076,6.2273991655076495
2008-05-17,5.9,1.0597807422231904,1.4986111111111111,0.6493055555555556,8.661111111111111
2008-05-18,7.782,1.318517592907115,1.2326388888888888,3.71875,5.990277777777778
2008-05-19,4.388,0.7602641834753183,0.7041666666666667,0.3875,5.210416666666666
2008-05-20,8.944,1.1828069946176698,0.9388888888888889,1.6881944444444446,8.317361111111111
2008-05-21,4.98,0.8347294790463211,1.38125,0.32916666666666666,6.424305555555556
2008-05-22,3.994,0.6437760906851405,0.6916666666666667,0.3055555555555556,4.496527777777778
2008-05-23,5.196,0.7659513059765424,0.0,0.9652777777777778,10.231944444444444
2008-05-24,6.052,0.8176164059762028,0.7131944444444445,0.3951388888888889,8.911805555555556
2008-05-25,6.538,1.3717159745095668,2.990972222222222,6.11875,4.177777777777778
2008-05-26,4.828,0.7663788596955784,0.6840277777777778,0.4625,6.447222222222222
2008-05-27,7.044,1.079332382637108,0.0,3.716666666666667,7.970833333333333
2008-05-28,4.686,0.816542278259939,2.1791666666666667,0.35555555555555557,4.659027777777778
2008-05-29,4.576,0.7145205636302662,0.6972222222222222,0.35208333333333336,6.04375
2008-05-30,6.216,0.8787318611941254,0.0,2.0965277777777778,7.845833333333333
2008-05-31,6.044,0.9439554854376141,1.225,1.6166666666666667,8.234722222222222
2008-06-01,4.954,0.9997112533439563,1.323611111111111,0.3784722222222222,7.852083333333334
2008-06-02,4.454,0.729499499952436,0.6666666666666666,0.3875,4.403472222222222
2008-06-03,6.758,1.1580198944125037,2.0118055555555556,1.8111111111111111,6.434027777777778
2008-06-04,5.672,1.0084981026001156,1.0763888888888888,5.334722222222222,4.519444444444445
2008-06-05,4.304,0.7311050720375073,1.2131944444444445,0.35138888888888886,6.097916666666666
2008-06-06,5.964,0.8652425962853473,0.7006944444444444,0.35138888888888886,5.465972222222222
2008-06-07,6.022,0.9822707077646979,1.6520833333333333,1.8131944444444446,10.134027777777778
2008-06-08,7.578,1.123399297430206,1.761111111111111,2.1951388888888888,6.758333333333334
2008-06-09,6.014,0.9957392105353955,1.3659722222222221,1.4479166666666667,5.500694444444444
2008-06-10,4.378,0.7075903762479002,0.6298611111111111,0.40625,6.2444444444444445
2008-06-11,4.32,0.7875444706439344,0.6784722222222223,0.5847222222222223,5.254166666666666
2008-06-12,4.816,0.842694745278149,1.354861111111111,0.39375,5.031944444444444
2008-06-13,5.486,1.1414841586803577,1.9520500347463516,5.113273106323836,7.318276580958999
2008-06-14,5.58,0.8050777205995066,1.2930555555555556,0.7020833333333333,7.417361111111111
2008-06-15,6.252,1.4033367680727036,4.49375,4.723611111111111,8.047916666666667
2008-06-16,5.29,0.943416354384764,1.375,0.32222222222222224,6.9527777777777775
2008-06-17,4.524,0.7757477112171034,0.75,0.3,7.009722222222222
2008-06-18,5.906,1.2018829956372274,5.242361111111111,2.111111111111111,8.810416666666667
2008-06-19,7.52,1.158724457657075,2.36875,1.051388888888889,7.577083333333333
2008-06-20,5.992,1.1013565246803725,2.047222222222222,2.0381944444444446,8.622916666666667
2008-06-21,6.368,1.0384131645444437,0.6527777777777778,4.04375,8.908333333333333
2008-06-22,4.922,0.9715226222661307,3.267361111111111,0.8159722222222222,7.397222222222222
2008-06-23,5.662,0.8502815378034838,1.8055555555555556,0.40347222222222223,7.030555555555556
2008-06-24,5.798,0.9891410314832227,1.929861111111111,2.4229166666666666,9.910416666666666
2008-06-25,4.542,0.8245383151801615,1.9256944444444444,0.3951388888888889,6.529166666666667
2008-06-26,5.428,0.6909298014569004,0.6395833333333333,0.3972222222222222,6.229861111111111
2008-06-27,6.366,1.1921626630282138,2.8881944444444443,1.6472222222222221,7.057638888888889
2008-06-28,4.22,0.6533199310316666,0.0,1.3888888888888888,5.508333333333334
2008-06-29,3.09,0.4989256312773655,0.6631944444444444,0.3715277777777778,2.7055555555555557
2008-06-30,4.166,0.5160936468288667,0.0,0.36180555555555555,4.735416666666667
2008-07-01,4.622,0.943805670596387,2.40625,0.4076388888888889,5.826388888888889
2008-07-02,4.842,0.7194905778966877,0.6680555555555555,0.4513888888888889,4.8625
2008-07-03,7.126,1.030416430118404,0.6652777777777777,1.7840277777777778,5.145833333333333
2008-07-04,3.454,0.5459267280454492,0.0,0.40902777777777777,5.7652777777777775
2008-07-05,5.904,1.046619368126407,1.3020833333333333,4.690277777777778,5.809027777777778
2008-07-06,6.302,1.1059430659148646,2.9569444444444444,3.6319444444444446,5.233333333333333
2008-07-07,4.052,0.7018501372756207,1.507638888888889,0.4111111111111111,4.964583333333334
2008-07-08,4.562,0.7385432083204935,0.6881944444444444,0.34930555555555554,5.272222222222222
2008-07-09,4.298,0.6341510550117712,0.6604166666666667,0.34652777777777777,5.105555555555555
2008-07-10,4.806,0.7721778390240918,0.6819444444444445,0.38333333333333336,5.684722222222222
2008-07-11,4.896,0.7274360504575038,0.5027777777777778,0.3875,6.424305555555556
2008-07-12,6.88,1.0920305121276626,3.0805555555555557,1.8173611111111112,5.021527777777778
2008-07-13,5.408,0.9084572640099905,1.1620305980528511,2.200278164116829,4.906815020862309
2008-07-14,4.324,0.8416163583528605,1.7805555555555554,1.3854166666666667,4.469444444444444
2008-07-15,4.748,0.6578363745344029,0.6722222222222223,0.38333333333333336,5.961805555555555
2008-07-16,6.98,0.9531335080305217,1.0673611111111112,1.94375,3.4569444444444444
2008-07-17,4.764,0.6917909637652789,0.7791666666666667,0.5020833333333333,5.75
2008-07-18,4.416,0.6624086198926844,0.79375,0.38333333333333336,6.430555555555555
2008-07-19,5.376,0.9883530606178305,2.042361111111111,2.1847222222222222,5.330555555555556
2008-07-20,4.726,0.7704699073043275,1.3493055555555555,0.7472222222222222,3.7895833333333333
2008-07-21,5.938,0.7872080407484179,1.1791666666666667,0.29930555555555555,6.38125
2008-07-22,3.16,0.4354636704604245,0.0,0.2986111111111111,3.3930555555555557
2008-07-23,5.886,0.5974646912116354,0.85625,0.31527777777777777,4.392361111111111
2008-07-24,4.574,0.6991294265106615,0.58125,0.33055555555555555,5.794444444444444
2008-07-25,5.766,0.6593762218871667,0.8111111111111111,0.3416666666666667,4.674305555555556
2008-07-26,4.398,0.5616506052298269,0.0,0.6583333333333333,4.335416666666666
2008-07-27,3.896,0.6948472877497492,0.7381944444444445,0.5958333333333333,5.822916666666667
2008-07-28,5.044,0.5098540383725066,0.0,0.35347222222222224,4.1409722222222225
2008-07-29,3.976,0.6044062729509105,1.0909722222222222,0.3680555555555556,4.029166666666667
2008-07-30,4.392,0.7617310568721936,1.7694444444444444,0.5368055555555555,4.3597222222222225
2008-07-31,5.368,0.9905769591842105,1.0645833333333334,1.95,5.269444444444445
2008-08-01,4.284,0.5774805906960728,0.40694444444444444,0.7986111111111112,3.535416666666667
2008-08-02,2.038,0.31328493093343224,0.0,0.35,2.640972222222222
2008-08-03,1.95,0.32385256828332826,0.0,0.34652777777777777,2.7263888888888888
2008-08-04,5.89,0.9598950942130047,0.414176511466296,3.2501737317581654,3.0646282140375263
2008-08-05,5.796,0.6944319458609635,0.4409722222222222,0.35347222222222224,4.9430555555555555
2008-08-06,0.976,0.1907066526897398,0.0,0.35625,1.5381944444444444
2008-08-07,1.05,0.20379569662403058,0.0,0.36527777777777776,1.6368055555555556
2008-08-08,0.976,0.1701546453996851,0.0,0.33402777777777776,1.375
2008-08-09,2.696,0.29058930322234366,0.0,0.33958333333333335,1.3208333333333333
2008-08-10,1.064,0.1823402923378922,0.0,0.32222222222222224,1.3229166666666667
2008-08-11,1.2,0.1845719784227877,0.0,0.33958333333333335,1.3055555555555556
2008-08-12,0.958,0.16449688198704773,0.0,0.32083333333333336,1.2805555555555554
2008-08-13,0.962,0.15316209743436818,0.0,0.31319444444444444,1.242361111111111
2008-08-14,0.958,0.1465069017317554,0.0,0.30625,1.1395833333333334
2008-08-15,1.008,0.1566798898738968,0.0,0.30486111111111114,1.1743055555555555
2008-08-16,1.12,0.15408935913301516,0.0,0.30694444444444446,1.1722222222222223
2008-08-17,1.018,0.1643526409510946,0.0,0.3090277777777778,1.1875
2008-08-18,0.934,0.15487268115755273,0.0,0.3055555555555556,1.19375
2008-08-19,0.946,0.15077798685604393,0.0,0.30694444444444446,1.1784722222222221
2008-08-20,0.954,0.1446495336191891,0.0,0.3034722222222222,1.1291666666666667
2008-08-21,0.926,0.1385925764426089,0.0,0.3,1.0951388888888889
2008-08-22,1.02,0.1494064699117356,0.0,0.30416666666666664,1.1208333333333333
2008-08-23,1.02,0.13195610875539568,0.0,0.29097222222222224,1.03125
2008-08-24,0.912,0.13321016777754052,0.0,0.28055555555555556,1.0576388888888888
2008-08-25,0.958,0.13198870255778647,0.0,0.29305555555555557,0.9972222222222222
2008-08-26,0.952,0.13093670476522506,0.0,0.2916666666666667,1.0645833333333334
2008-08-27,1.006,0.14434645069537733,0.0,0.27708333333333335,1.06875
2008-08-28,1.18,0.14971925901099586,0.0,0.3,1.132638888888889
2008-08-29,0.924,0.142269317324016,0.0,0.2986111111111111,1.1104166666666666
2008-08-30,0.924,0.14657278893762357,0.0,0.3020833333333333,1.1243055555555554
2008-08-31,7.52,1.2533448496692141,1.428769979152189,2.594162612925643,8.42043085476025
2008-09-01,4.184,0.7756496251074141,0.6597222222222222,0.36180555555555555,7.071527777777778
2008-09-02,4.962,0.933524834575371,2.967361111111111,0.8375,4.616666666666666
2008-09-03,5.61,0.866461157178263,0.9208333333333333,1.3208333333333333,7.092361111111111
2008-09-04,7.02,0.8362856121024993,1.5451388888888888,0.28055555555555556,6.533333333333333
2008-09-05,4.952,0.6753900877819269,0.26319444444444445,0.29930555555555555,4.821527777777778
2008-09-06,6.0,1.1476609578014967,2.047222222222222,4.513888888888889,9.305555555555555
2008-09-07,6.146,1.1066377659206188,2.5083333333333333,1.1854166666666666,4.15
2008-09-08,5.916,0.9750629922057378,0.51875,1.5923611111111111,6.638194444444444
2008-09-09,5.02,0.7420251540890147,0.1638888888888889,0.3145833333333333,5.366666666666666
2008-09-10,5.858,0.8877148209116242,0.7006944444444444,0.27708333333333335,7.139583333333333
2008-09-11,4.206,0.6610434477356424,0.6979166666666666,0.28958333333333336,5.308333333333334
2008-09-12,6.29,0.9433699888751795,1.2965277777777777,0.2791666666666667,6.0680555555555555
2008-09-13,6.306,1.13587229603413,0.6458333333333334,3.7729166666666667,8.199305555555556
2008-09-14,5.128,1.1188449928923239,3.245138888888889,0.3090277777777778,4.540277777777778
2008-09-15,5.278,0.8303551414669169,0.6666666666666666,0.25277777777777777,7.168055555555555
2008-09-16,6.788,0.7421692102661307,0.0,0.25555555555555554,5.728472222222222
2008-09-17,5.91,1.0179163882193512,1.3263888888888888,2.5881944444444445,6.507638888888889
2008-09-18,6.08,1.0980688339927345,2.9180555555555556,0.24791666666666667,5.549305555555556
2008-09-19,6.296,0.8978110516616262,1.0895833333333333,0.24375,8.588194444444444
2008-09-20,4.202,0.6115869143299517,0.0,0.2569444444444444,8.664583333333333
2008-09-21,6.862,1.1704928836348034,2.7847222222222223,1.6534722222222222,5.7965277777777775
2008-09-22,7.318,1.0931944125450868,0.7041666666666667,1.7,7.102083333333334
2008-09-23,5.714,0.8254373536081833,0.0,1.5055555555555555,5.5
2008-09-24,6.412,1.0172349417675153,1.4020833333333333,3.2847222222222223,7.325
2008-09-25,5.774,0.8034056060259926,0.7027777777777777,0.5215277777777778,5.892361111111111
2008-09-26,6.012,0.9475585123787952,0.8479166666666667,0.2569444444444444,7.5625
2008-09-27,5.688,1.3074261835855423,3.01875,1.7944444444444445,8.811111111111112
2008-09-28,5.992,0.9812601041757206,1.3333333333333333,0.2673611111111111,7.8069444444444445
2008-09-29,4.288,0.7993723567248102,0.7041666666666667,0.2520833333333333,7.414583333333334
2008-09-30,5.532,1.0174502782461603,0.6930555555555555,0.25,5.149305555555555
2008-10-01,6.254,1.1252265805304449,1.5618055555555554,4.027777777777778,7.5055555555555555
2008-10-02,6.048,0.824419591425881,0.0,0.2548611111111111,6.291666666666667
2008-10-03,4.7,1.1145981910275535,3.3340277777777776,0.2423611111111111,6.55
2008-10-04,5.57,0.9101890365968661,2.404166666666667,0.43680555555555556,8.73125
2008-10-05,5.698,1.043441312685796,0.6875,2.2618055555555556,4.215972222222222
2008-10-06,6.052,0.830971723170007,0.6875,0.1986111111111111,6.6402777777777775
2008-10-07,6.536,0.9684289305038339,0.7055555555555556,0.29097222222222224,6.580555555555556
2008-10-08,5.112,0.9498973638276982,0.725,3.5597222222222222,8.090277777777779
2008-10-09,6.486,1.142597030071213,0.7166666666666667,2.1277777777777778,8.091666666666667
2008-10-10,5.952,0.7287362522634003,0.0,0.2701388888888889,8.365277777777777
2008-10-11,6.362,0.9004047557052297,1.488888888888889,1.6215277777777777,7.897916666666666
2008-10-12,8.22,1.5039901853942848,1.7784722222222222,4.043055555555555,4.979861111111111
2008-10-13,6.784,0.8930803522149139,0.7201388888888889,0.3715277777777778,6.585416666666666
2008-10-14,5.592,0.8921924777609234,0.8173611111111111,0.30694444444444446,6.902083333333334
2008-10-15,6.496,1.0928153659303974,1.3875,4.8902777777777775,6.933333333333334
2008-10-16,4.376,0.8310740160031896,0.6604166666666667,0.29791666666666666,5.8597222222222225
2008-10-17,6.246,1.274830651985583,1.413888888888889,2.2131944444444445,6.69375
2008-10-18,7.146,1.3788905572303445,0.5548611111111111,1.1493055555555556,8.434722222222222
2008-10-19,10.29,1.6032415450703705,0.4847222222222222,5.5625,3.1944444444444446
2008-10-20,6.124,0.9803587844308416,0.5861111111111111,1.8388888888888888,7.274305555555555
2008-10-21,6.156,1.1771476383274488,0.5951388888888889,1.8493055555555555,7.86875
2008-10-22,5.174,0.8952353107162179,0.4597222222222222,1.7652777777777777,5.89375
2008-10-23,6.974,1.204148318305914,0.5659722222222222,0.9965277777777778,7.352083333333334
2008-10-24,7.978,1.625151076214633,5.48125,1.58125,7.141666666666667
2008-10-25,5.056,0.8222278675998654,0.5275590551181102,0.28203292770221905,9.61560486757337
2008-10-26,1.518,0.29275803123421734,0.0,0.25,1.3979166666666667
2008-10-27,1.538,0.2950798458770487,0.0,0.2791666666666667,1.3659722222222221
2008-10-28,5.018,1.0628726577396446,1.5715277777777779,0.2513888888888889,3.5347222222222223
2008-10-29,5.042,0.6982423824922951,0.7201388888888889,0.23958333333333334,2.7881944444444446
2008-10-30,2.626,0.38274180564000654,0.0,0.23958333333333334,1.81875
2008-10-31,3.178,0.6655026673826441,0.0,0.21666666666666667,7.279861111111111
2008-11-01,1.672,0.28722336924195396,0.0,0.2388888888888889,1.3465277777777778
2008-11-02,2.29,0.36750317511735064,0.0,0.24027777777777778,1.961111111111111
2008-11-03,2.682,0.3870510434437171,0.66875,0.24097222222222223,1.3138888888888889
2008-11-04,7.816,1.4735210088008064,0.0,4.315277777777778,2.8513888888888888
2008-11-05,8.862,1.657537833893385,5.2756944444444445,7.228472222222222,5.8069444444444445
2008-11-06,6.71,0.9027572459537493,0.7173611111111111,0.2986111111111111,4.676388888888889
2008-11-07,4.724,0.7829975977498278,0.7166666666666667,0.2701388888888889,7.236805555555556
2008-11-08,5.978,1.0288044240611158,0.7736111111111111,2.2715277777777776,4.214583333333334
2008-11-09,5.638,1.3258398167180727,4.375694444444444,0.45902777777777776,9.963888888888889
2008-11-10,5.672,1.0307884176492381,0.7133891213389121,0.24755927475592748,7.172245467224546
2008-11-11,5.348,1.0956173204991606,1.71875,1.5888888888888888,10.174305555555556
2008-11-12,7.072,0.7942201811420355,0.741307371349096,1.8859527121001392,6.5577190542420025
2008-11-13,5.828,0.7556821297589151,0.0,0.23472222222222222,4.385416666666667
2008-11-14,4.898,0.8402531627879126,1.4527777777777777,0.22569444444444445,6.895138888888889
2008-11-15,7.732,1.6591680243008327,2.7444444444444445,2.6381944444444443,10.85763888888889
2008-11-16,6.466,1.2431990752364115,3.3270833333333334,1.270138888888889,6.211805555555555
2008-11-17,5.094,0.7426161138858274,0.0,0.2625,7.354166666666667
2008-11-18,7.71,0.9932926684404704,0.7493055555555556,0.25625,7.780555555555556
2008-11-19,5.804,1.0396073159230592,1.20625,2.1013888888888888,6.044444444444444
2008-11-20,5.254,1.0059708532603966,0.7180555555555556,0.24097222222222223,5.3694444444444445
2008-11-21,4.628,0.8117383771325669,0.7215277777777778,0.24166666666666667,7.219444444444444
2008-11-22,7.366,1.0527189180879895,0.7590277777777777,0.6125,5.777777777777778
2008-11-23,8.556,1.9783323033903877,2.523280055594163,6.131341209173037,7.138290479499653
2008-11-24,7.73,0.9549652340950663,0.7381944444444445,0.3541666666666667,9.290277777777778
2008-11-25,6.734,1.129893904683472,2.0902777777777777,0.23958333333333334,7.271527777777778
2008-11-26,5.956,0.9700763325728893,0.63125,0.2111111111111111,6.945833333333334
2008-11-27,7.468,1.2398149615281484,1.729861111111111,0.22916666666666666,8.63888888888889
2008-11-28,5.07,1.0523510024587217,0.7729166666666667,0.2048611111111111,7.889583333333333
2008-11-29,8.114,1.3906735230604943,3.658333333333333,1.6611111111111112,8.60138888888889
2008-11-30,10.348,1.4811489228493495,0.80625,2.417361111111111,7.968055555555556
2008-12-01,5.932,0.8786825016409869,0.7534722222222222,0.21458333333333332,6.259027777777778
2008-12-02,6.366,0.8544978409004131,0.0,0.2111111111111111,7.877083333333333
2008-12-03,5.88,0.9485643580870484,0.7895833333333333,0.20972222222222223,6.711111111111111
2008-12-04,4.726,0.9388219222251101,0.7534722222222222,0.1951388888888889,7.856944444444444
2008-12-05,6.13,0.9534950159808637,0.5770833333333333,0.2152777777777778,6.841666666666667
2008-12-06,7.494,1.4411805014948578,2.78125,3.9923611111111112,6.283333333333333
2008-12-07,4.996,1.173195928391704,2.2875,0.2152777777777778,9.463194444444444
2008-12-08,5.512,0.8743159078312274,0.7756944444444445,0.20555555555555555,9.205555555555556
2008-12-09,7.136,1.182251930790917,1.3784722222222223,1.7729166666666667,8.948611111111111
2008-12-10,6.07,1.2459990026742354,0.8233576642335766,3.024817518248175,7.9481751824817515
2008-12-11,5.614,0.9183452238646235,0.8055555555555556,0.18958333333333333,5.540972222222222
2008-12-12,5.202,0.9088663225900884,0.8034722222222223,0.17708333333333334,8.440277777777778
2008-12-13,6.434,1.1465137587798493,1.5180555555555555,0.18125,6.438194444444444
2008-12-14,6.006,1.2184016016797719,2.598611111111111,1.7340277777777777,3.7604166666666665
2008-12-15,4.94,0.9162021389740687,0.8180555555555555,0.175,6.713888888888889
2008-12-16,6.164,0.9158640616449516,0.0,0.17569444444444443,7.870833333333334
2008-12-17,4.936,1.1529595786659002,2.9520833333333334,0.19722222222222222,7.509027777777778
2008-12-18,5.266,0.8698646007040564,0.78125,0.17916666666666667,7.842361111111111
2008-12-19,5.238,0.9901947946055838,1.0680555555555555,0.20555555555555555,8.175694444444444
2008-12-20,6.224,1.2452540081268975,0.7866574009728978,4.502432244614315,8.908269631688672
2008-12-21,7.212,1.56020224791137,0.7631944444444444,6.38125,10.28888888888889
2008-12-22,5.388,0.9833051123577465,1.4979166666666666,0.27152777777777776,7.245138888888889
2008-12-23,6.8,1.0492301626348177,1.851388888888889,1.46875,5.781944444444444
2008-12-24,3.878,0.6745603650694976,0.0,0.25277777777777777,6.93125
2008-12-25,4.814,0.6394412333272562,0.0,0.19791666666666666,2.498611111111111
2008-12-26,4.11,0.7376803105205455,0.7784722222222222,0.19375,5.413888888888889
2008-12-27,5.548,0.7419553678535185,0.0,0.16944444444444445,8.478472222222223
2008-12-28,4.08,0.8188911509857516,1.35625,0.15069444444444444,3.6743055555555557
2008-12-29,2.478,0.37008064469062346,0.0,0.15138888888888888,1.7222222222222223
2008-12-30,4.14,0.7423732032447798,0.0,0.1701388888888889,4.961805555555555
2008-12-31,6.026,1.1260182813252957,2.0659722222222223,0.17083333333333334,8.23611111111111
2009-01-01,8.584,1.0124220264266548,0.53125,2.670138888888889,1.9465277777777779
2009-01-02,7.6,1.3604473129494872,1.6784722222222221,4.179166666666666,8.222916666666666
2009-01-03,6.698,1.2232226247560498,4.472222222222222,0.22777777777777777,7.249305555555556
2009-01-04,5.274,1.234266433385732,1.0118055555555556,3.6465277777777776,2.2534722222222223
2009-01-05,5.53,1.0064418966482145,0.8659722222222223,0.22361111111111112,6.006944444444445
2009-01-06,6.038,0.8027971433773252,0.0,0.1763888888888889,8.654166666666667
2009-01-07,6.256,1.1926998654339889,1.8659722222222221,2.6527777777777777,6.929861111111111
2009-01-08,5.254,0.9925408424943433,1.9256944444444444,0.2076388888888889,6.996527777777778
2009-01-09,5.512,1.0413167727009909,1.2513888888888889,0.18888888888888888,6.447916666666667
2009-01-10,8.78,1.4700336519186026,1.9638888888888888,2.977777777777778,8.707638888888889
2009-01-11,6.418,1.466920894404108,3.1395833333333334,3.68125,4.0881944444444445
2009-01-12,4.552,0.702801396627865,0.0,0.18125,8.435416666666667
2009-01-13,6.876,0.9523567408004877,0.7916666666666666,0.22847222222222222,11.245833333333334
2009-01-14,5.694,1.0733319682318883,1.5823488533703962,0.23071577484364142,7.158443363446838
2009-01-15,5.348,1.0376146282113838,1.8965277777777778,0.2708333333333333,6.639583333333333
2009-01-16,8.108,1.7951915288091396,4.035416666666666,2.1930555555555555,10.569444444444445
2009-01-17,6.738,1.0700593417133688,1.7201388888888889,2.1902777777777778,10.640277777777778
2009-01-18,7.594,1.7308867653382793,3.9229166666666666,4.653472222222222,8.838194444444444
2009-01-19,6.15,1.0682418436551664,0.7763888888888889,0.2611111111111111,7.138194444444444
2009-01-20,5.848,0.7598860481679435,0.0,0.19583333333333333,9.532638888888888
2009-01-21,6.08,1.0028567474552545,0.7972222222222223,1.4993055555555554,6.826388888888889
2009-01-22,3.43,0.6741768960839158,0.0,0.23680555555555555,5.726388888888889
2009-01-23,5.952,0.9829697192448027,1.4430555555555555,0.2048611111111111,8.434722222222222
2009-01-24,8.556,1.560286547197065,3.5388888888888888,3.1194444444444445,5.779166666666667
2009-01-25,9.59,1.2931214916692149,2.7576388888888888,4.138888888888889,7.7868055555555555
2009-01-26,4.316,0.8503512405508596,0.7784722222222222,0.24166666666666667,6.820138888888889
2009-01-27,5.12,0.8147738894190731,0.6222222222222222,0.19305555555555556,4.588888888888889
2009-01-28,6.87,1.4120894713660495,1.5979166666666667,4.825694444444444,9.92013888888889
2009-01-29,4.608,0.7163485151224493,0.0,0.20416666666666666,6.247222222222222
2009-01-30,5.46,0.9993562659703795,1.1263888888888889,0.19444444444444445,8.435416666666667
2009-01-31,7.164,1.724500682666441,5.748611111111111,4.565972222222222,10.63125
2009-02-01,6.56,1.1100771845502182,2.3751783166904423,0.44365192582025675,5.345221112696148
2009-02-02,7.17,0.9666759269443741,0.8048611111111111,0.16111111111111112,7.579861111111111
2009-02-03,6.102,0.7941485525452824,0.48819444444444443,0.6097222222222223,10.405555555555555
2009-02-04,7.918,1.3545102767107684,0.6048611111111111,4.834027777777778,11.083333333333334
2009-02-05,6.066,0.7932188478933361,0.7666666666666667,0.18333333333333332,9.01875
2009-02-06,5.702,0.9581105319920918,0.8090277777777778,0.18958333333333333,8.136111111111111
2009-02-07,6.442,1.5687035875016366,4.7375,3.1131944444444444,12.411805555555556
2009-02-08,6.266,1.261267707508393,3.7090277777777776,0.1798611111111111,10.5375
2009-02-09,6.098,0.9515104150528545,0.7381944444444445,0.15833333333333333,6.510416666666667
2009-02-10,4.77,0.7768819835717313,0.7833333333333333,0.18263888888888888,8.56875
2009-02-11,7.852,1.6755869228339433,2.0729166666666665,7.2756944444444445,8.46875
2009-02-12,5.844,0.9859606708210202,0.7701388888888889,0.2076388888888889,12.308333333333334
2009-02-13,5.406,0.8931490474634486,0.7638888888888888,0.1763888888888889,8.02361111111111
2009-02-14,6.286,1.0931478244354895,1.5855354659248957,2.2642559109874827,12.87134909596662
2009-02-15,4.28,0.7121526355971188,1.7118055555555556,0.15694444444444444,3.6347222222222224
2009-02-16,4.422,0.7732445736155028,0.0,0.18125,4.886805555555555
2009-02-17,2.586,0.5071800963393345,0.0,0.18785310734463276,2.771892655367232
2009-02-18,1.582,0.42602439645811374,0.0,0.20625,3.7993055555555557
2009-02-19,2.764,0.4281988002997904,0.7263888888888889,0.18194444444444444,1.2472222222222222
2009-02-20,6.322,1.07410654165283,2.0118055555555556,0.20347222222222222,6.088888888888889
2009-02-21,3.71,0.7329999851154774,1.4659722222222222,0.18194444444444444,2.765972222222222
2009-02-22,11.122,1.8630944120052861,2.65,5.955555555555556,4.9534722222222225
2009-02-23,7.694,1.1071642873575998,0.8416666666666667,2.6,8.660416666666666
2009-02-24,4.846,0.8101170786599872,0.0,1.1125,10.077777777777778
2009-02-25,6.29,0.8090030907014005,0.7583333333333333,0.19027777777777777,5.110416666666667
2009-02-26,2.884,0.6341299706176556,0.0,0.18611111111111112,4.750694444444444
2009-02-27,5.106,0.928878812894597,0.8013888888888889,0.17083333333333334,10.299305555555556
2009-02-28,6.788,1.0597681929733531,0.7951388888888888,3.720833333333333,5.559722222222222
2009-03-01,6.714,1.6366462129654613,7.767894371091035,1.9041000694927033,6.138985406532314
2009-03-02,4.578,0.816405295591209,1.0833333333333333,0.2152777777777778,4.641666666666667
2009-03-03,8.31,0.93948497118791,0.8048611111111111,0.18611111111111112,9.044444444444444
2009-03-04,4.992,1.0105539969599624,1.5375,1.7847222222222223,5.8284722222222225
2009-03-05,5.194,0.7535963457501669,0.0,0.18819444444444444,6.315277777777778
2009-03-06,5.726,0.9082167795695075,0.7944444444444444,0.1840277777777778,8.372222222222222
2009-03-07,5.468,0.8699515044023831,0.7326388888888888,0.5631944444444444,8.411805555555556
2009-03-08,7.854,1.4638998831704613,5.0368055555555555,3.6527777777777777,8.813194444444445
2009-03-09,4.758,0.8877919745427663,1.3895833333333334,0.25625,7.177777777777778
2009-03-10,5.542,0.7818418985040573,0.0,0.1951388888888889,8.0625
2009-03-11,7.64,1.221433339758922,2.4138888888888888,5.061111111111111,7.45625
2009-03-12,5.602,0.8801650195854178,0.0,0.25277777777777777,9.48263888888889
2009-03-13,5.656,0.7431010320608461,0.7513888888888889,0.21597222222222223,7.268055555555556
2009-03-14,5.88,1.0030924052610475,1.525,0.19444444444444445,12.525
2009-03-15,7.166,1.1261704280707934,2.415277777777778,3.577777777777778,5.800694444444445
2009-03-16,4.322,0.7955399882730191,0.0,0.2126476719944406,6.444058373870743
2009-03-17,7.88,1.1083166816549352,0.7708333333333334,2.7444444444444445,8.555555555555555
2009-03-18,5.724,0.7833757805935604,0.7798611111111111,0.2604166666666667,8.403472222222222
2009-03-19,4.296,0.5557656707127561,0.0,0.21805555555555556,6.5680555555555555
2009-03-20,6.028,0.8487459756607351,0.7520833333333333,0.21388888888888888,7.373611111111111
2009-03-21,7.502,1.2363190293818924,3.763888888888889,0.4736111111111111,7.129166666666666
2009-03-22,5.182,1.070705811213013,1.4006944444444445,2.623611111111111,6.260416666666667
2009-03-23,5.12,0.7852827287826922,0.7486111111111111,0.2152777777777778,4.165972222222222
2009-03-24,5.848,1.0191091991019576,1.1875,0.24444444444444444,7.047916666666667
2009-03-25,6.584,1.0568836722799313,1.9305555555555556,2.3020833333333335,7.14375
2009-03-26,3.638,0.7039188226600185,0.0,0.21666666666666667,5.969444444444444
2009-03-27,5.226,0.9032954238739813,0.7659722222222223,0.36527777777777776,6.907638888888889
2009-03-28,6.856,1.1898637697113812,3.14375,0.22708333333333333,8.489583333333334
2009-03-29,5.512,1.0109385703865137,1.11875,2.7944444444444443,6.598611111111111
2009-03-30,4.554,0.8126799221966947,0.7534722222222222,0.2048611111111111,6.875694444444444
2009-03-31,7.096,1.1028215617374588,1.5291666666666666,1.882638888888889,8.998611111111112
2009-04-01,4.232,1.0347179588573405,1.9493055555555556,1.6416666666666666,5.075694444444444
2009-04-02,4.76,0.8238125732232487,0.7833333333333333,0.225,9.375
2009-04-03,5.736,0.7223003546262864,0.0,0.2263888888888889,5.941666666666666
2009-04-04,5.124,1.063410066978179,1.8743055555555554,2.897222222222222,11.285416666666666
2009-04-05,6.502,0.9694261167824646,2.661111111111111,0.24791666666666667,4.5159722222222225
2009-04-06,4.308,0.7252330473957322,0.5548611111111111,0.23125,7.042361111111111
2009-04-07,5.762,0.8758734324756198,0.7659722222222223,0.23472222222222222,6.334027777777778
2009-04-08,5.318,0.8612341491103642,1.479861111111111,1.9631944444444445,5.533333333333333
2009-04-09,6.308,1.1600673164937483,1.8625,0.25416666666666665,9.3625
2009-04-10,5.314,0.9907453175300822,1.4284722222222221,1.9597222222222221,9.602777777777778
2009-04-11,6.968,1.3150467795235805,2.542361111111111,2.9763888888888888,12.661805555555556
2009-04-12,7.972,1.481480240855753,5.206944444444445,1.0444444444444445,8.659722222222221
2009-04-13,6.272,1.079442245671144,0.6995827538247567,3.9276773296244785,4.3178025034770515
2009-04-14,6.254,0.9188598891802426,0.6166666666666667,1.6256944444444446,6.581944444444445
2009-04-15,4.718,0.7656577698635775,1.3055555555555556,0.3215277777777778,3.665277777777778
2009-04-16,6.188,0.940645251568371,2.011111111111111,0.27569444444444446,6.811805555555556
2009-04-17,7.454,1.1003070384333458,0.0,3.6277777777777778,5.315972222222222
2009-04-18,6.32,0.8121457140076649,0.7138888888888889,1.8145833333333334,7.429861111111111
2009-04-19,6.322,0.8499241021813461,1.5284722222222222,0.2611111111111111,5.616666666666666
2009-04-20,6.042,0.7661930490824618,0.0,1.836111111111111,7.275
2009-04-21,6.72,0.9224972498854683,1.3368055555555556,0.2604166666666667,5.125
2009-04-22,4.494,0.796487500484179,0.7111111111111111,0.8354166666666667,9.211805555555555
2009-04-23,5.716,0.7820254830814091,0.7416666666666667,0.2743055555555556,3.8270833333333334
2009-04-24,3.274,0.5512628035036965,0.0,0.2659722222222222,6.720138888888889
2009-04-25,6.12,1.1073233387752657,1.39375,2.7090277777777776,9.184027777777779
2009-04-26,7.016,1.046067928195302,2.120138888888889,2.095138888888889,7.334027777777778
2009-04-27,6.02,0.9078168711128396,0.6909722222222222,0.2611111111111111,4.875694444444444
2009-04-28,6.134,0.8594813633482343,1.4361111111111111,0.25763888888888886,7.964583333333334
2009-04-29,5.594,0.8793160550858161,0.7243055555555555,1.7305555555555556,6.508333333333334
2009-04-30,4.278,0.8322055726347396,0.7131944444444445,0.2520833333333333,10.628472222222221
2009-05-01,4.738,0.6615026029932841,0.7409722222222223,0.7305555555555555,8.13125
2009-05-02,5.726,0.7448225947556114,0.9930555555555556,0.25972222222222224,6.777777777777778
2009-05-03,7.856,1.2608658182113825,2.2270833333333333,1.8006944444444444,5.018055555555556
2009-05-04,5.192,0.8603290193529497,0.6993055555555555,0.28541666666666665,7.898611111111111
2009-05-05,4.288,0.92331212680916,0.7284722222222222,3.8465277777777778,7.059722222222222
2009-05-06,4.604,0.7289745419334226,0.7208333333333333,1.2479166666666666,6.290277777777778
2009-05-07,4.288,0.5406384955102443,0.0,0.25972222222222224,5.55
2009-05-08,4.5,0.927349298861373,1.5458333333333334,0.5888888888888889,10.7125
2009-05-09,4.682,0.6975218452108636,1.4513888888888888,0.2652777777777778,4.586805555555555
2009-05-10,6.012,1.2499715880754,2.9881862404447532,4.635163307852675,6.040305767894371
2009-05-11,5.33,0.9462554926498902,0.71875,0.3173611111111111,7.645138888888889
2009-05-12,6.34,0.8792873122195695,0.0,1.8840277777777779,7.871527777777778
2009-05-13,5.408,0.7486654245003251,0.9854166666666667,0.3840277777777778,4.949305555555555
2009-05-14,7.396,1.1482464782698376,0.0,2.8229166666666665,7.985416666666667
2009-05-15,5.256,0.7831805020366416,0.9597222222222223,0.34305555555555556,8.46875
2009-05-16,6.732,1.0949509379329263,1.1840277777777777,3.3472222222222223,8.51736111111111
2009-05-17,6.54,1.041349918759734,1.7743055555555556,1.3375,4.977777777777778
2009-05-18,5.016,0.7769430317711777,0.5298611111111111,0.25972222222222224,6.229861111111111
2009-05-19,5.458,0.9094487181370721,2.259027777777778,0.55,7.625694444444444
2009-05-20,5.39,0.741865632307056,0.7368055555555556,1.3118055555555554,6.576388888888889
2009-05-21,5.744,0.8713411122089754,1.0784722222222223,0.8875,8.724305555555556
2009-05-22,4.59,0.6049968840371149,0.6819444444444445,0.8381944444444445,5.6097222222222225
2009-05-23,4.284,0.7565521245817064,0.3333333333333333,1.2805555555555554,8.735416666666667
2009-05-24,5.078,0.7888913544512113,0.03125,0.30972222222222223,7.122222222222222
2009-05-25,4.62,0.7592524125476228,0.6388888888888888,0.6708333333333333,6.895833333333333
2009-05-26,4.084,0.7243507053975138,0.8288100208768268,0.5984690327070286,7.028531663187196
2009-05-27,5.324,0.7986163033212554,0.7305555555555555,1.6354166666666667,7.691666666666666
2009-05-28,4.978,0.7425953912430101,1.0430555555555556,0.2923611111111111,6.284027777777778
2009-05-29,4.798,0.6861254972939212,0.6979166666666666,0.3013888888888889,7.022222222222222
2009-05-30,6.24,0.8715242853402558,1.9354166666666666,1.1854166666666666,8.025694444444444
2009-05-31,3.77,0.6991143379245626,1.0180555555555555,0.31805555555555554,3.9722222222222223
2009-06-01,5.322,0.9698344326585504,1.9368055555555554,0.32013888888888886,7.889583333333333
2009-06-02,2.992,0.5994984652612468,0.0,0.35138888888888886,5.480555555555555
2009-06-03,4.262,0.7709300815506672,0.6527777777777778,0.9513888888888888,8.039583333333333
2009-06-04,4.892,0.7650101533616079,1.323611111111111,0.3159722222222222,4.795138888888889
2009-06-05,4.19,0.5778804036693929,0.0,0.31666666666666665,8.690972222222221
2009-06-06,6.282,0.9430004211310511,1.2284722222222222,1.8972222222222221,7.36875
2009-06-07,8.76,0.96635919840785,1.4423611111111112,1.1395833333333334,4.190277777777778
2009-06-08,5.106,0.7390831477876354,0.7111111111111111,0.3,5.938194444444444
2009-06-09,4.96,0.84167654683697,0.6944444444444444,0.2875,7.427083333333333
2009-06-10,5.322,0.9362095783718322,0.7166666666666667,3.295138888888889,6.867361111111111
2009-06-11,4.732,0.6142867683387636,0.0,0.3277777777777778,7.368055555555555
2009-06-12,4.524,0.6463833009263701,0.7006944444444444,0.3194444444444444,4.95625
2009-06-13,0.99,0.22528601489161976,0.0,0.16666666666666666,2.6333333333333333
2009-06-14,,,,,
2009-06-15,3.744,0.7637121260535017,0.9299492385786802,0.3532994923857868,5.748223350253807
2009-06-16,6.866,0.9554821584778463,2.071527777777778,0.8479166666666667,9.50763888888889
2009-06-17,5.432,0.7282427346251528,0.6770833333333334,0.42430555555555555,4.995138888888889
2009-06-18,3.244,0.6000913271485,0.0,0.32013888888888886,7.79375
2009-06-19,4.888,0.6999734783671038,0.6729166666666667,0.3298611111111111,5.372916666666667
2009-06-20,5.5,0.744784734632774,0.0,1.8451388888888889,6.360416666666667
2009-06-21,3.892,0.5921702484883331,0.7215277777777778,0.2861111111111111,4.168055555555555
2009-06-22,4.096,0.6475978280939285,0.0,0.31180555555555556,7.741666666666666
2009-06-23,4.098,0.7286249509236995,0.7013888888888888,0.8756944444444444,5.684722222222222
2009-06-24,4.91,0.8870315171089507,2.1243055555555554,0.8604166666666667,9.913194444444445
2009-06-25,4.558,0.5564280236198228,0.0,0.34375,4.322222222222222
2009-06-26,6.216,0.814717805557754,1.2680555555555555,0.3736111111111111,6.911111111111111
2009-06-27,5.076,0.9924482765285224,1.8493055555555555,1.6888888888888889,9.352777777777778
2009-06-28,3.592,0.6526154968293347,0.0,0.9868055555555556,4.6819444444444445
2009-06-29,4.76,0.6671356181173177,1.2458333333333333,0.4152777777777778,4.4875
2009-06-30,5.222,0.6714112966275255,0.4041666666666667,0.7180555555555556,6.242361111111111
2009-07-01,3.644,0.6501294791523923,0.6868055555555556,0.4097222222222222,6.76875
2009-07-02,5.174,0.7009656884997592,0.4423611111111111,0.41875,5.5777777777777775
2009-07-03,4.226,0.589570466363541,0.5944444444444444,0.44583333333333336,5.11875
2009-07-04,5.156,0.7794188371453512,1.4472222222222222,1.617361111111111,4.715972222222222
2009-07-05,4.594,0.8722759581166565,2.232638888888889,0.9986111111111111,5.565277777777778
2009-07-06,5.13,0.6357500159142141,0.29791666666666666,0.5243055555555556,4.959722222222222
2009-07-07,5.398,0.843162939073395,0.8972222222222223,2.5131944444444443,3.9611111111111112
2009-07-08,5.928,0.7997812352420074,0.0,2.4402777777777778,6.463888888888889
2009-07-09,5.484,0.5050995649033979,0.0,0.45555555555555555,3.321527777777778
2009-07-10,3.904,0.8186016378185126,0.6880222841225627,1.8272980501392757,5.217270194986073
2009-07-11,4.512,0.693315087784019,0.68125,0.47430555555555554,5.386111111111111
2009-07-12,2.122,0.3420936685493315,0.0,0.40902777777777777,2.8194444444444446
2009-07-13,1.918,0.32298717584057496,0.0,0.4125,2.6951388888888888
2009-07-14,4.432,0.738734869925456,1.5993055555555555,0.42916666666666664,4.274305555555555
2009-07-15,4.228,0.5506785478679928,0.6097222222222223,0.6472222222222223,4.041666666666667
2009-07-16,2.362,0.3395121756202708,0.0,1.1972222222222222,2.709722222222222
2009-07-17,2.062,0.44578506492924175,0.0,0.43472222222222223,4.631944444444445
2009-07-18,2.63,0.51602776127205,0.0,0.46041666666666664,3.7423611111111112
2009-07-19,3.492,0.639083541473869,0.0,0.4152777777777778,3.5125
2009-07-20,4.632,0.5620206266285991,0.6347222222222222,0.5444444444444444,3.436111111111111
2009-07-21,2.178,0.5065387799886435,0.0,0.68125,5.413194444444445
2009-07-22,2.46,0.4220586942986652,0.0,0.47291666666666665,2.7534722222222223
2009-07-23,3.988,0.6271213787531806,0.6430555555555556,0.43194444444444446,6.294444444444444
2009-07-24,2.294,0.3688957120972711,0.0,0.4375,2.8666666666666667
2009-07-25,2.18,0.34134236744617497,0.0,0.40069444444444446,2.5805555555555557
2009-07-26,2.512,0.3488373174537611,0.0,0.7076388888888889,2.6381944444444443
2009-07-27,2.51,0.41281093234277266,0.0,1.4319444444444445,3.6125
2009-07-28,5.34,0.7071614171405892,0.0,3.402083333333333,3.0229166666666667
2009-07-29,3.98,0.5496488829475771,0.6034722222222222,0.5201388888888889,5.242361111111111
2009-07-30,2.898,0.5413690686748505,0.0,1.6,2.8055555555555554
2009-07-31,5.468,0.8278685162747634,0.6006944444444444,2.377083333333333,4.376388888888889
2009-08-01,2.14,0.46676811744928043,0.0,0.5861111111111111,4.338888888888889
2009-08-02,2.056,0.3179463695343683,0.0,0.4423611111111111,2.457638888888889
2009-08-03,1.972,0.3246258580645018,0.0,0.4201388888888889,2.6465277777777776
2009-08-04,1.914,0.32797997022362024,0.0,0.4215277777777778,2.6881944444444446
2009-08-05,2.104,0.3235910088378458,0.0,0.4305555555555556,2.8069444444444445
2009-08-06,1.988,0.330697341228558,0.0,0.4576388888888889,2.9118055555555555
2009-08-07,2.018,0.3364416087466802,0.0,0.4638888888888889,2.938888888888889
2009-08-08,2.012,0.3299956492601313,0.0,0.4486111111111111,2.842361111111111
2009-08-09,5.446,0.8781308199757889,1.3777777777777778,1.6527777777777777,3.5791666666666666
2009-08-10,5.344,0.8808232884674,0.0,2.582638888888889,4.175
2009-08-11,5.06,0.714206604259354,0.5951388888888889,1.01875,4.567361111111111
2009-08-12,3.648,0.5551933013611595,0.6333333333333333,0.47847222222222224,3.4659722222222222
2009-08-13,6.818,1.374043714116217,2.2131147540983607,6.743169398907104,3.1129326047358834
2009-08-14,3.422,0.41912655241217545,0.29791666666666666,0.5902777777777778,3.2270833333333333
2009-08-15,5.516,0.9930527641804994,2.3868055555555556,1.2861111111111112,6.195833333333334
2009-08-16,4.448,0.7270980437696483,1.113888888888889,0.7597222222222222,3.9520833333333334
2009-08-17,3.232,0.49516132906732746,0.0006944444444444445,0.5645833333333333,4.347916666666666
2009-08-18,5.698,0.9065834555971095,1.601388888888889,1.0,4.391666666666667
2009-08-19,4.73,0.593189953016259,0.6222222222222222,0.5638888888888889,4.197222222222222
2009-08-20,2.41,0.44706845189249667,0.0,0.6131944444444445,4.2625
2009-08-21,5.912,0.8767601815405749,2.1131944444444444,0.6159722222222223,5.227083333333334
2009-08-22,7.696,1.0959134597088196,3.1555555555555554,2.2243055555555555,5.936805555555556
2009-08-23,4.554,0.7383119014569041,0.6590277777777778,0.56875,4.856944444444444
2009-08-24,4.81,0.8668487660286496,1.582638888888889,0.5118055555555555,5.727083333333334
2009-08-25,4.518,0.6794423516001501,0.7916666666666666,0.5243055555555556,4.36875
2009-08-26,7.056,0.9650938493039155,1.479861111111111,1.0527777777777778,5.458333333333333
2009-08-27,2.676,0.41567054761215516,0.0,0.46111111111111114,2.9743055555555555
2009-08-28,4.25,0.7834422427591946,1.2347222222222223,0.78125,5.197916666666667
2009-08-29,4.75,0.7957728413363276,0.6284722222222222,1.0298611111111111,8.129861111111111
2009-08-30,6.93,1.0538769929709126,1.8423611111111111,0.9465277777777777,7.394444444444445
2009-08-31,4.784,0.7147035097053814,0.6666666666666666,0.4708333333333333,6.926388888888889
2009-09-01,3.414,0.6029331827453006,0.0,0.4840277777777778,4.217361111111111
2009-09-02,4.358,0.7651519914221099,0.6576388888888889,0.4576388888888889,6.889583333333333
2009-09-03,4.45,0.7921679735392554,2.3048611111111112,2.152083333333333,3.479861111111111
2009-09-04,3.678,0.6327601402072766,0.0,0.44166666666666665,5.621527777777778
2009-09-05,5.862,0.9247115246038811,2.075,1.5611111111111111,7.245138888888889
2009-09-06,4.412,0.8458761104363995,0.6909722222222222,0.4083333333333333,6.271527777777778
2009-09-07,6.746,1.0072101198944106,1.525,0.40069444444444446,5.763194444444444
2009-09-08,4.792,0.7728334420870834,0.6958333333333333,0.40069444444444446,5.925694444444445
2009-09-09,4.854,0.8994834653252292,0.6694444444444444,2.661111111111111,7.410416666666666
2009-09-10,5.39,0.8323771665628853,0.6444444444444445,0.4166666666666667,4.519444444444445
2009-09-11,3.764,0.6820197921571356,0.0,0.43819444444444444,8.120138888888889
2009-09-12,5.758,1.3892294944097543,6.654861111111111,0.8347222222222223,8.750694444444445
2009-09-13,5.894,1.001089187227051,2.8811674774148712,0.4252953439888812,7.067407922168172
2009-09-14,7.344,1.0189308070591274,1.9743055555555555,0.41875,6.313194444444444
2009-09-15,6.06,1.0000633864466042,1.2284722222222222,0.3888888888888889,6.002777777777778
2009-09-16,5.696,1.0610601542750866,0.71875,2.4097222222222223,9.294444444444444
2009-09-17,3.308,0.6530539574166772,0.0,0.3909722222222222,6.743055555555555
2009-09-18,6.83,0.9993607785409867,1.3840277777777779,0.4527777777777778,6.354861111111111
2009-09-19,7.826,1.1412232561826308,1.1159722222222221,2.8125,10.309027777777779
2009-09-20,6.754,1.1073497385940008,3.147222222222222,1.7125,8.288194444444445
2009-09-21,5.59,0.8932646324481532,0.6395833333333333,0.41944444444444445,7.530555555555556
2009-09-22,4.648,0.7137386964111522,0.6506944444444445,0.41458333333333336,5.904166666666667
2009-09-23,5.574,0.9751648360381804,1.4479166666666667,0.6791666666666667,8.947222222222223
2009-09-24,5.794,1.0987565830163286,0.7298611111111111,0.43125,7.204166666666667
2009-09-25,3.08,0.6075334048087058,0.0,0.4125,6.731944444444444
2009-09-26,3.818,0.8030115867344946,1.3493055555555555,0.39652777777777776,10.125694444444445
2009-09-27,5.604,1.0249517461668638,1.2618055555555556,3.1743055555555557,5.940277777777778
2009-09-28,3.806,0.8058221780435335,0.0,0.41875,7.497916666666667
2009-09-29,4.814,0.8060831932433448,0.7159722222222222,0.41875,5.084722222222222
2009-09-30,4.702,1.0248640664407698,0.674547983310153,5.618915159944367,6.394993045897079
2009-10-01,5.406,1.0677860503257788,0.6597222222222222,0.41805555555555557,6.550694444444445
2009-10-02,3.7,0.6877991580456865,0.0,0.3958333333333333,7.043055555555555
2009-10-03,5.594,1.0192693649176334,2.5305555555555554,0.6388888888888888,10.055555555555555
2009-10-04,6.332,1.1554775512573725,2.214583333333333,2.4298611111111112,6.236111111111111
2009-10-05,4.084,0.7553380835185536,0.6833333333333333,0.3763888888888889,5.54375
2009-10-06,5.036,0.9013002541995735,0.0006944444444444445,0.3770833333333333,6.115277777777778
2009-10-07,6.284,1.0110149167547555,0.5097222222222222,3.0097222222222224,6.8805555555555555
2009-10-08,5.026,0.8608620608560953,1.4520833333333334,0.42986111111111114,8.033333333333333
2009-10-09,3.404,0.6337385561579726,0.0,0.38819444444444445,7.4430555555555555
2009-10-10,6.658,1.1601796954071748,3.1319444444444446,0.3958333333333333,10.285416666666666
2009-10-11,6.492,1.3853840440345635,2.8568450312717166,4.485059068797776,6.009728978457262
2009-10-12,3.756,0.854263246172455,0.6923611111111111,0.3576388888888889,6.541666666666667
2009-10-13,4.736,0.8616103372258389,0.6826388888888889,0.3680555555555556,6.618055555555555
2009-10-14,5.246,0.974117164357429,1.3895833333333334,2.1743055555555557,6.9534722222222225
2009-10-15,5.266,0.9554376775968993,1.13125,0.3215277777777778,6.695138888888889
2009-10-16,5.082,0.8351810968638604,0.0,0.3347222222222222,7.733333333333333
2009-10-17,8.126,1.40979300421187,3.8125,3.0305555555555554,12.72638888888889
2009-10-18,4.58,0.789334267331734,0.49444444444444446,0.34652777777777777,7.738888888888889
2009-10-19,4.67,0.9715137824567976,0.7666666666666667,0.3173611111111111,5.7131944444444445
2009-10-20,5.124,0.941163008287753,0.5277777777777778,0.3125,7.642361111111111
2009-10-21,5.17,1.1464556266182855,1.4104166666666667,4.108333333333333,5.950694444444444
2009-10-22,5.146,0.7420959571191721,0.0,0.3416666666666667,7.690277777777778
2009-10-23,8.708,1.1758017655782445,2.2083333333333335,0.34375,8.122222222222222
2009-10-24,5.752,1.4058645762752993,4.3069444444444445,0.3597222222222222,11.07013888888889
2009-10-25,6.586,1.2650907372291142,2.0902777777777777,4.292361111111111,9.50763888888889
2009-10-26,3.848,0.666197109851567,0.3298611111111111,0.325,4.019444444444445
2009-10-27,5.014,0.6906635593822165,0.40208333333333335,0.31180555555555556,5.810416666666667
2009-10-28,5.218,0.7310109085565638,0.725,0.3215277777777778,6.470833333333333
2009-10-29,6.032,1.279078703362468,0.53125,2.8645833333333335,3.942361111111111
2009-10-30,5.978,0.9072084713044359,1.2354166666666666,1.3923611111111112,6.1305555555555555
2009-10-31,6.064,1.1095160777908097,1.23125,1.7458333333333333,10.164583333333333
2009-11-01,5.216,0.9816104080802549,1.3680555555555556,0.3263888888888889,8.48263888888889
2009-11-02,4.366,0.8971178851129842,1.30625,0.32708333333333334,5.201388888888889
2009-11-03,6.938,1.3893975068288007,1.395138888888889,2.74375,6.267361111111111
2009-11-04,5.97,1.0338295238404362,0.7465277777777778,2.783333333333333,8.504166666666666
2009-11-05,5.268,0.9677214271777133,0.7673611111111112,0.36944444444444446,6.852777777777778
2009-11-06,4.19,0.6629332056909701,0.0,0.30694444444444446,7.865277777777778
2009-11-07,4.318,0.7939326419480325,1.51875,0.2833333333333333,6.954166666666667
2009-11-08,6.23,1.3927951302061221,3.43125,1.4409722222222223,10.327083333333333
2009-11-09,5.818,0.9633488870270639,0.7817929117442669,0.29881862404447534,5.2960389159138295
2009-11-10,5.452,0.7711376049749498,0.7763888888888889,0.3,8.186111111111112
2009-11-11,6.91,1.254082746786967,1.6236111111111111,3.545138888888889,7.7875
2009-11-12,5.83,0.9959648467924217,1.0319444444444446,0.29791666666666666,6.529861111111111
2009-11-13,4.838,0.8625153014648401,1.288888888888889,0.2826388888888889,6.373611111111111
2009-11-14,6.038,1.261608110205233,2.895138888888889,1.6743055555555555,13.102777777777778
2009-11-15,8.726,1.3627528566263871,0.6881944444444444,3.665277777777778,6.559722222222222
2009-11-16,7.116,0.9995088252118225,1.4034722222222222,0.3784722222222222,6.495833333333334
2009-11-17,4.04,0.7982730060087401,0.0,0.3145833333333333,8.066666666666666
2009-11-18,8.432,1.4825524814403959,4.175,5.315972222222222,9.574305555555556
2009-11-19,3.968,0.6732512830010378,0.0,0.33402777777777776,7.594444444444444
2009-11-20,6.408,1.0155881420232362,0.5854166666666667,0.2826388888888889,8.9
2009-11-21,8.018,1.445303149112508,3.9541666666666666,1.3868055555555556,8.717361111111112
2009-11-22,7.84,1.5296002488216571,4.704166666666667,0.28541666666666665,11.178472222222222
2009-11-23,4.764,0.8534341744066558,0.0,0.2791666666666667,5.715277777777778
2009-11-24,9.732,1.3913498219195082,1.729861111111111,3.1798611111111112,6.309722222222222
2009-11-25,5.69,1.0707509851397863,0.5173611111111112,3.529861111111111,7.358333333333333
2009-11-26,5.964,0.9740191995592045,1.5708333333333333,0.2826388888888889,6.992361111111111
2009-11-27,3.038,0.6615791804091292,0.0,0.275,8.05486111111111
2009-11-28,5.834,0.9481718609795594,2.2215277777777778,0.26805555555555555,9.965277777777779
2009-11-29,6.436,1.052612330610192,0.7451388888888889,2.1256944444444446,5.436111111111111
2009-11-30,4.854,0.8174850084056793,0.75,0.25069444444444444,8.360416666666667
2009-12-01,4.088,0.8664742005322588,0.0,0.24583333333333332,7.514583333333333
2009-12-02,6.044,1.0723244747268135,0.79375,4.897222222222222,8.924305555555556
2009-12-03,5.486,0.8120258157104858,0.7215277777777778,0.2791666666666667,6.879166666666666
2009-12-04,4.63,0.9471170399796905,0.8041666666666667,0.24444444444444444,6.343055555555556
2009-12-05,6.01,1.347569111255978,2.654166666666667,0.24375,9.252777777777778
2009-12-06,8.494,1.4361770223848733,1.9791666666666667,2.8993055555555554,8.625
2009-12-07,5.038,0.9601872112541044,0.7861111111111111,0.24861111111111112,7.146527777777778
2009-12-08,6.022,1.047063919274393,0.7694444444444445,0.24305555555555555,10.677777777777777
2009-12-09,5.09,1.014772948557728,1.426388888888889,2.329861111111111,5.535416666666666
2009-12-10,5.662,1.0191399536079144,1.9631432545201668,0.2426981919332406,10.708623087621698
2009-12-11,5.6,0.9385464374940605,1.073611111111111,0.2673611111111111,7.813194444444444
2009-12-12,6.788,1.2616634390462416,0.7548611111111111,2.861111111111111,5.6930555555555555
2009-12-13,4.6,1.1728765992244623,2.7666666666666666,0.28958333333333336,9.151388888888889
2009-12-14,6.974,1.2842538309247904,0.7569444444444444,1.5833333333333333,7.459722222222222
2009-12-15,5.132,0.9258533722913385,0.7715277777777778,0.2722222222222222,9.780555555555555
2009-12-16,4.884,0.885559925020685,0.79375,2.04375,5.627777777777778
2009-12-17,4.24,0.7706243120233401,0.0,0.21388888888888888,9.996527777777779
2009-12-18,4.936,0.9195965665270432,0.8298611111111112,0.2111111111111111,7.9625
2009-12-19,5.698,0.9652121303369985,0.8090277777777778,1.8486111111111112,9.500694444444445
2009-12-20,5.688,0.7643593823376148,0.8590277777777777,0.21736111111111112,5.413194444444445
2009-12-21,7.2,1.1952608637016153,2.2868055555555555,0.19583333333333333,7.967361111111111
2009-12-22,4.636,0.8659757931693356,0.0,0.19791666666666666,10.99236111111111
2009-12-23,5.276,0.7784588986029677,0.79375,0.19722222222222222,7.78125
2009-12-24,7.57,1.8151260512765,3.6,3.8715277777777777,10.554166666666667
2009-12-25,5.878,1.074308786101264,2.3409722222222222,2.704861111111111,9.922222222222222
2009-12-26,6.446,1.01438985450688,0.8236111111111111,2.9819444444444443,11.14375
2009-12-27,6.464,1.1824750451583346,2.9291666666666667,0.22083333333333333,8.645833333333334
2009-12-28,4.952,1.0679624487702004,1.5104166666666667,1.4326388888888888,10.370833333333334
2009-12-29,5.216,1.051770793908394,0.875,0.24027777777777778,7.086805555555555
2009-12-30,7.84,1.5313782786849224,3.6694444444444443,3.152083333333333,8.669444444444444
2009-12-31,4.69,0.9198219477982139,0.0,0.26875,13.478472222222223
2010-01-01,4.976,0.6972807283347351,1.6,0.22708333333333333,2.470833333333333
2010-01-02,6.236,0.9277701424664135,0.556636553161918,0.207088255733148,4.464211257817929
2010-01-03,6.382,1.300597058736592,2.6680555555555556,3.4166666666666665,6.995833333333334
2010-01-04,4.56,0.8035526050351403,0.0,0.20277777777777778,7.508333333333334
2010-01-05,5.544,1.0008005647885312,1.2395833333333333,0.20347222222222222,11.436111111111112
2010-01-06,5.304,1.0095076743329399,1.2020833333333334,2.261111111111111,7.888194444444444
2010-01-07,4.908,0.952200048537974,0.8319444444444445,0.17708333333333334,8.983333333333333
2010-01-08,5.454,0.8740690091840574,0.0,0.6902777777777778,8.702083333333333
2010-01-09,8.154,1.4835480165585961,1.93125,3.3715277777777777,10.231944444444444
2010-01-10,7.35,1.4442775658398381,2.475,1.4111111111111112,9.797222222222222
2010-01-11,5.36,0.905890917156891,0.86875,0.2361111111111111,7.138194444444444
2010-01-12,6.46,1.1776337239837151,0.6181410974244121,3.9070548712206046,10.715565509518477
2010-01-13,,,,,
2010-01-14,5.886,1.1496248928479924,6.342281879194631,0.28187919463087246,6.352348993288591
2010-01-15,9.098,1.3875600031197723,1.3590277777777777,2.05,9.406944444444445
2010-01-16,6.634,1.11535840240238,1.8090277777777777,1.6770833333333333,9.480555555555556
2010-01-17,5.12,0.9872325390520864,1.3833333333333333,0.20694444444444443,10.447222222222223
2010-01-18,4.906,0.80876046095491,0.4284722222222222,0.2048611111111111,9.014583333333333
2010-01-19,6.674,1.193834257746977,1.4194444444444445,0.4534722222222222,13.410416666666666
2010-01-20,6.01,1.2502635835939246,1.6090277777777777,2.3201388888888888,10.113194444444444
2010-01-21,5.348,1.0589672163553605,0.6208333333333333,0.31180555555555556,11.424305555555556
2010-01-22,5.228,0.7798824940729375,0.48541666666666666,0.24444444444444444,10.077777777777778
2010-01-23,7.042,1.40104394255855,2.1917998610145935,2.839471855455177,11.133425990271022
2010-01-24,9.122,1.3833795862754268,2.4277777777777776,1.9166666666666667,7.670833333333333
2010-01-25,6.048,1.0692289197950218,0.95,0.3159722222222222,11.205555555555556
2010-01-26,4.666,0.7772285839995609,0.36527777777777776,0.2743055555555556,11.279861111111112
2010-01-27,7.078,1.271434038586241,1.4194444444444445,4.446527777777778,12.606944444444444
2010-01-28,5.166,1.03444927046454,1.4111111111111112,0.35,10.407638888888888
2010-01-29,5.964,1.0138957899472474,1.0333333333333334,0.5909722222222222,12.542361111111111
2010-01-30,8.006,1.5574798919724573,2.25,5.238888888888889,12.424305555555556
2010-01-31,4.89,1.0077647339184936,1.1909722222222223,0.9583333333333334,8.728472222222223
2010-02-01,4.3,0.928380528075038,0.7715277777777778,0.2548611111111111,10.154861111111112
2010-02-02,5.124,0.8195395800570315,0.0,0.2652777777777778,14.955555555555556
2010-02-03,7.388,1.3174980952868487,1.551388888888889,5.8493055555555555,14.67361111111111
2010-02-04,6.124,0.852928753714188,0.7458333333333333,0.36944444444444446,16.488194444444446
2010-02-05,4.482,0.8869036447873336,0.6263888888888889,0.32916666666666666,12.505555555555556
2010-02-06,7.416,1.382981982160875,3.0027777777777778,1.5340277777777778,12.400694444444444
2010-02-07,6.0,1.0220471866736422,1.9,2.6645833333333333,3.8513888888888888
2010-02-08,5.154,1.131968865912273,0.80625,0.29930555555555555,13.725
2010-02-09,5.348,0.9129681278631895,0.8430555555555556,0.2847222222222222,13.728472222222223
2010-02-10,4.846,0.8772325305486531,0.8471160528144545,2.0681028492008338,8.487838776928422
